Indexcd,Idxtrd01,Idxtrd02,Idxtrd03,Idxtrd04,Idxtrd05,Idxtrd06,Idxtrd07,Idxtrd08
300,2010/1/4,3592.47,3597.75,3535.23,3535.23,661010.8,9341983.89,-1.1313
300,2010/1/5,3545.19,3577.53,3497.66,3564.04,858096.41,12830244.26,0.8149
300,2010/1/6,3558.7,3588.83,3541.17,3541.73,784731.25,12104598.99,-0.626
300,2010/1/7,3543.16,3558.56,3452.77,3471.46,803500.37,12043616.63,-1.9841
300,2010/1/8,3456.91,3482.08,3426.7,3480.13,607902.53,9019096,0.2498
300,2010/1/11,3593.11,3594.53,3465.32,3482.05,899801.72,13411400.11,0.0552
300,2010/1/12,3477.84,3535.41,3437.66,3534.92,937432.78,13407141.64,1.5184
300,2010/1/13,3448.29,3490.11,3415.69,3421.14,1124579.01,15986038.46,-3.2187
300,2010/1/14,3433.47,3470.32,3411.81,3469.05,833532.52,11810787.01,1.4004
300,2010/1/15,3472.52,3500.07,3448.66,3482.74,725431.02,10403517.58,0.3946
300,2010/1/18,3471.78,3501.26,3458.04,3500.68,828543.07,11788425.85,0.5151
300,2010/1/19,3506.81,3528.39,3497.09,3507.48,748832.32,10802352.55,0.1942
300,2010/1/20,3512.25,3515.45,3387.82,3394.43,924951.46,12841616.46,-3.2231
300,2010/1/21,3397.04,3425.18,3364.72,3408.57,705950.68,10007660.7,0.4166
300,2010/1/22,3364.45,3390.8,3293.19,3366.2,889334.04,11919781.58,-1.243
300,2010/1/25,3340.01,3372.43,3326.27,3328.01,568491.71,7662662.68,-1.1345
300,2010/1/26,3328.11,3341.2,3222.14,3242.8,617522.31,8158605.92,-2.5604
300,2010/1/27,3243.04,3255.12,3183.37,3198.57,526913.94,7054027.32,-1.3639
300,2010/1/28,3195.29,3220.31,3168.46,3206.57,469907.16,6408211.57,0.2501
300,2010/1/29,3190.32,3249.46,3176.92,3204.16,502626.13,6801811.87,-0.0752
300,2010/2/1,3198.23,3198.31,3116.44,3152.71,570013.8,7598215.05,-1.6057
300,2010/2/2,3170.78,3211.94,3143.09,3146.19,501300.33,6831841.24,-0.2068
300,2010/2/3,3160.71,3231.1,3094.57,3230.72,647988.94,8753625,2.6867
300,2010/2/4,3206.43,3242.52,3190.44,3218.8,589727.26,7546655.3,-0.369
300,2010/2/5,3147.72,3177.42,3129.92,3153.09,591058.45,7369313.24,-2.0414
300,2010/2/8,3152.25,3172.31,3133.81,3150.99,373559.51,4790242.93,-0.0666
300,2010/2/9,3147.76,3178.95,3144.48,3169.19,359531.58,4522266.04,0.5776
300,2010/2/10,3195.14,3214.46,3182.83,3214.13,342198.94,4815214.46,1.418
300,2010/2/11,3216.69,3238.35,3207.17,3220.4,357910.52,4699971.3,0.1951
300,2010/2/12,3232.88,3253.2,3228.74,3251.28,340582.38,4670322.06,0.9589
300,2010/2/22,3248.95,3261.95,3232.78,3233.35,382837.72,4998133.37,-0.5515
300,2010/2/23,3225.39,3225.39,3152.93,3198.63,427428.98,6238607.69,-1.0738
300,2010/2/24,3177.08,3244.82,3165.13,3244.48,499894.37,6441409.74,1.4334
300,2010/2/25,3252.15,3294.14,3249.33,3292.13,675866.17,8948580.16,1.4686
300,2010/2/26,3286.1,3301.15,3273.69,3281.67,521072.88,7017166.61,-0.3177
300,2010/3/1,3290.01,3330.38,3287.56,3324.42,605045.2,8120568.9,1.3027
300,2010/3/2,3327.1,3339.89,3299.69,3311.24,570343.74,7623399.23,-0.3965
300,2010/3/3,3313.02,3335.65,3293.92,3335.08,606227.32,7844213.3,0.72
300,2010/3/4,3338.67,3345.91,3244.98,3250.57,693468.1,8946291.38,-2.534
300,2010/3/5,3253.16,3276.4,3239.68,3259.76,456291.38,5962117.84,0.2827
300,2010/3/8,3268.4,3293.93,3258.03,3286.18,415408.76,5468655.51,0.8105
300,2010/3/9,3285.62,3322.51,3255.98,3305.86,541994.86,7197129.77,0.5989
300,2010/3/10,3304.04,3321.08,3267.76,3279.69,464210.79,6176042.93,-0.7916
300,2010/3/11,3282.2,3303.49,3251.7,3276.71,474877.54,6373265.89,-0.0909
300,2010/3/12,3277.31,3284.26,3232.12,3233.13,399573.44,5261121.08,-1.33
300,2010/3/15,3231.22,3234.82,3171.8,3183.18,378443.04,4921989.81,-1.5449
300,2010/3/16,3183.78,3204.29,3169.1,3203.97,308477.8,4151042.64,0.6531
300,2010/3/17,3214.22,3274,3207.27,3273.92,458009.34,6258739.54,2.1832
300,2010/3/18,3277.88,3295.37,3256.59,3267.56,469480.13,6250913.02,-0.1943
300,2010/3/19,3270.98,3296.41,3251.14,3293.87,460621.87,6211423.07,0.8052
300,2010/3/22,3297.82,3313.92,3288.51,3302.63,494394.62,6565297.68,0.2659
300,2010/3/23,3305.55,3309.12,3272.92,3275.57,465395.36,6214553.14,-0.8193
300,2010/3/24,3282.05,3298.54,3271.03,3276.67,445479.66,5833030.12,0.0336
300,2010/3/25,3270.39,3270.39,3222.82,3229.13,449842.85,5860475.96,-1.4509
300,2010/3/26,3226.8,3285.39,3220.59,3275,474449.65,6159284.32,1.4205
300,2010/3/29,3295.76,3363.61,3293.67,3358.54,847249.1,11032697.35,2.5508
300,2010/3/30,3361.35,3372.27,3350.31,3366.71,564369.8,7868266.94,0.2433
300,2010/3/31,3369.19,3369.9,3338.75,3345.61,531242.87,7212088.63,-0.6267
300,2010/4/1,3349.88,3392.48,3349.88,3391.94,677726.69,9236049.58,1.3848
300,2010/4/2,3400.14,3412.2,3391.81,3407.35,690734.52,9904076.01,0.4543
300,2010/4/6,3422.85,3436.29,3386.89,3405.15,651917.1,9398588.39,-0.0646
300,2010/4/7,3403.09,3404.58,3369.02,3386.95,540112.28,7673315.99,-0.5345
300,2010/4/8,3381.31,3381.31,3336.16,3346.74,621853.22,8931746.86,-1.1872
300,2010/4/9,3348.77,3379.4,3342.47,3379.17,512805.67,7559035.63,0.969
300,2010/4/12,3388.36,3393.56,3330.3,3351.48,745651.5,10599660.96,-0.8194
300,2010/4/13,3350.73,3401.71,3324.05,3391.72,799076.95,11644033.93,1.2007
300,2010/4/14,3394.64,3404.52,3377.44,3403.71,603061.31,9078756.87,0.3535
300,2010/4/15,3407.03,3412.94,3365.88,3394.57,610516.85,8870023.56,-0.2685
300,2010/4/16,3388.29,3388.29,3348.78,3356.33,471403.68,6723559.67,-1.1265
300,2010/4/19,3313.5,3313.5,3175.44,3176.42,884163,11885597.2,-5.3603
300,2010/4/20,3176.41,3196.65,3130.96,3173.37,641378.59,8800596.57,-0.096
300,2010/4/21,3178.88,3237.54,3164.77,3236.68,669283.31,9337337.78,1.995
300,2010/4/22,3222.68,3231.99,3177.73,3201.54,710816.88,9897038.63,-1.0857
300,2010/4/23,3198.78,3224.74,3172.58,3190,612526.79,9211567,-0.3605
300,2010/4/26,3195.46,3207.72,3168.37,3172,508941.99,7495912.11,-0.5643
300,2010/4/27,3163.1,3163.1,3060.85,3108.41,652965.74,8805836.06,-2.0047
300,2010/4/28,3080.32,3122.12,3062.09,3097.35,459954.06,6548492.46,-0.3558
300,2010/4/29,3114.94,3130.7,3059.8,3060.06,482609.71,6925086.81,-1.2039
300,2010/4/30,3060.12,3068.13,3014.07,3067.37,544778.81,7319088.4,0.2389
300,2010/5/4,3005.49,3056.08,2994.92,3019.45,412486.1,5455860.71,-1.5623
300,2010/5/5,2981.78,3036.87,2943.36,3036.39,596704.41,8083534.04,0.561
300,2010/5/6,3014.91,3014.91,2895.39,2896.86,587704.13,8150226.2,-4.5953
300,2010/5/7,2835.88,2892.53,2817.15,2836.79,611193.99,7914749.97,-2.0736
300,2010/5/10,2842.37,2872.31,2798.52,2858.23,502091.73,6490918.81,0.7558
300,2010/5/11,2916.34,2922.13,2790.7,2800.82,583634.9,7389466.68,-2.0086
300,2010/5/12,2781.71,2832.15,2756.42,2818.16,530022.71,6469398.82,0.6191
300,2010/5/13,2818.58,2886.97,2811.66,2886.91,551457.78,6748653.66,2.4395
300,2010/5/14,2865.58,2888.09,2849.24,2868.02,424987.19,5517529.1,-0.6543
300,2010/5/17,2828.88,2828.88,2712.44,2714.72,521668.47,6239551.35,-5.3452
300,2010/5/18,2711.41,2781.85,2686.97,2771.35,545096.71,6274624.58,2.086
300,2010/5/19,2748.95,2803.7,2723.3,2762.17,455762.21,5465640.13,-0.3312
300,2010/5/20,2739.22,2793.88,2721.07,2726.02,421748.03,5267791.49,-1.3088
300,2010/5/21,2656.42,2769.09,2647.6,2768.79,544753.83,6350180.89,1.569
300,2010/5/24,2787.75,2886.37,2787.75,2873.47,745023.38,8996188.28,3.7807
300,2010/5/25,2851.26,2855.33,2798.02,2813.94,551683.27,6795498.81,-2.0717
300,2010/5/26,2814.44,2839.03,2797.63,2813.94,398585.64,4849560.31,0
300,2010/5/27,2808.05,2866.87,2771.59,2859.98,534452.09,6526677.37,1.6361
300,2010/5/28,2885.86,2893.69,2835.07,2850.3,515349.89,6434250.54,-0.3385
300,2010/5/31,2835.33,2857.42,2772.79,2773.26,462168.54,5669580.36,-2.7029
300,2010/6/1,2755.28,2782.29,2710.59,2744.16,448514.26,5323091.38,-1.0493
300,2010/6/2,2729.33,2757.91,2700.08,2757.53,395870.2,4636422.95,0.4872
300,2010/6/3,2769.1,2787.51,2735.7,2736.08,395872.58,4714326.29,-0.7779
300,2010/6/4,2721.36,2748.48,2713.1,2744.39,327462.91,3985836.34,0.3037
300,2010/6/7,2692.83,2716.4,2673.34,2695.72,395419.93,4706270.34,-1.7734
300,2010/6/8,2694.11,2720.59,2672.06,2699.34,351401.82,4267710.43,0.1343
300,2010/6/9,2711.64,2787.83,2687.33,2782.13,602095.33,7071008.05,3.067
300,2010/6/10,2755.94,2776.26,2746.11,2750.02,429063.34,5031224.43,-1.1542
300,2010/6/11,2766.2,2782.1,2755.95,2758.87,405585.85,4887147.86,0.3218
300,2010/6/17,2778.53,2784.92,2742.64,2742.73,326123.56,4029323.4,-0.585
300,2010/6/18,2739.03,2755.84,2686.61,2696.17,418083.44,5025635.09,-1.6976
300,2010/6/21,2698.98,2784.47,2686.32,2780.66,552614.82,6280919.05,3.1337
300,2010/6/22,2772.89,2795.32,2766.44,2783.72,390960.52,4520720.78,0.11
300,2010/6/23,2768.7,2788.22,2734.05,2758.5,356003.5,4160024.07,-0.906
300,2010/6/24,2753.71,2783.51,2739.81,2757.5,292206.82,3377285.7,-0.0363
300,2010/6/25,2744.12,2759.45,2715.66,2736.29,306717.82,3464917.92,-0.7692
300,2010/6/28,2734.51,2751.46,2710.09,2716.78,277100.44,3119827.71,-0.713
300,2010/6/29,2717.47,2724.23,2591.69,2592.02,487585.52,5063596.97,-4.5922
300,2010/6/30,2572.91,2575.82,2546.84,2563.07,356987.94,3580989.23,-1.1169
300,2010/7/1,2557.92,2574.1,2524.57,2526.07,328576.46,3247845.74,-1.4436
300,2010/7/2,2523.04,2542.12,2462.2,2534.11,449141,4336731.84,0.3183
300,2010/7/5,2507.35,2529.43,2476.49,2512.65,321785.74,3092229.9,-0.8468
300,2010/7/6,2504.87,2563.41,2502.93,2562.9,397147.62,3897683.65,1.9999
300,2010/7/7,2561.11,2580.61,2548.56,2580.48,357209.09,3705989.85,0.6859
300,2010/7/8,2591.51,2602.23,2564.64,2575.92,340569.66,3534876.05,-0.1767
300,2010/7/9,2578.56,2662.16,2557.26,2647.1,584930.45,6147006.69,2.7633
300,2010/7/12,2647.42,2689.81,2636.65,2676.22,584624.91,6346226.25,1.1001
300,2010/7/13,2649.66,2649.66,2618.34,2634.59,432285.06,4512510.91,-1.5556
300,2010/7/14,2640.93,2684.62,2640.54,2653.61,466888.6,4949710.67,0.7219
300,2010/7/15,2650.33,2680.44,2607.79,2608.52,404404.59,4144471.09,-1.6992
300,2010/7/16,2597,2621.33,2573.79,2616.13,350633.02,3542232.62,0.2917
300,2010/7/19,2592.09,2691.94,2585.01,2682.47,538680.7,5982612.58,2.5358
300,2010/7/20,2685.46,2746.24,2685.46,2741.5,731283.45,8095821.68,2.2006
300,2010/7/21,2744.7,2766.21,2733.72,2747.34,707570.92,7373468.46,0.213
300,2010/7/22,2738.03,2783.14,2734.07,2781.29,610648.06,6357660.3,1.2357
300,2010/7/23,2787.52,2806.98,2769.44,2793.08,645185.65,7042333.5,0.4239
300,2010/7/26,2798.76,2811.95,2775.78,2811.06,535800.26,5984890.53,0.6437
300,2010/7/27,2803.76,2812.21,2785.37,2795.72,497998.84,5596399.15,-0.5457
300,2010/7/28,2796.48,2866.4,2784.16,2863.72,799859.54,8451684.58,2.4323
300,2010/7/29,2866.77,2888.6,2852,2877.98,959654.09,9227822.45,0.498
300,2010/7/30,2871.48,2876.14,2844.68,2868.85,625755.91,6522448.24,-0.3172
300,2010/8/2,2868.28,2922.61,2867.45,2917.28,717433,7356907.44,1.6881
300,2010/8/3,2925.25,2929.61,2865.76,2865.97,817483.64,8687057.41,-1.7588
300,2010/8/4,2858.35,2876.6,2818.25,2876.43,713180.39,7567014.43,0.365
300,2010/8/5,2874.66,2877.31,2833.67,2850.83,671575.81,7303845.76,-0.89
300,2010/8/6,2848.16,2898.53,2821.03,2897.66,749148.95,8214515.09,1.6427
300,2010/8/9,2894.1,2922.62,2888.05,2918.24,747263.91,8343198.08,0.7102
300,2010/8/10,2920.4,2925.3,2832.08,2832.64,784350.34,8428369.94,-2.9333
300,2010/8/11,2823.15,2864.36,2823.15,2850.21,549791.33,5878630.22,0.6203
300,2010/8/12,2822.79,2860.37,2810.1,2816.39,598932.27,6582561.35,-1.1866
300,2010/8/13,2818.41,2856.04,2799.22,2855.55,585077.21,6292374.78,1.3904
300,2010/8/16,2851.22,2927.69,2843.02,2922.08,810680.43,9142750.76,2.3298
300,2010/8/17,2927.26,2949.73,2917.83,2942.29,764529.12,8670054.29,0.6916
300,2010/8/18,2945.98,2962.75,2924.67,2937.36,707476,8083236.81,-0.1676
300,2010/8/19,2940.77,2975.19,2928.01,2955.4,769248.65,9173458.71,0.6142
300,2010/8/20,2943.33,2951.96,2892.64,2898.33,716633.06,8229817.31,-1.931
300,2010/8/23,2895.71,2920.54,2886.66,2896.19,489155.17,5777277.93,-0.0738
300,2010/8/24,2892.13,2933.12,2866.8,2911.83,610937.96,6503659.26,0.54
300,2010/8/25,2893.99,2904.66,2842.25,2843.02,636106.21,6704822.44,-2.3631
300,2010/8/26,2853.11,2868.88,2836.13,2850.09,486704.42,5186292.29,0.2487
300,2010/8/27,2847.45,2861.07,2833.42,2858.57,407895.82,4669934.34,0.2975
300,2010/8/30,2874.25,2921.09,2872.92,2915.01,657498.82,7734161.65,1.9744
300,2010/8/31,2905.15,2910.06,2889.81,2903.19,657661.04,7997634.73,-0.4055
300,2010/9/1,2907.66,2931.76,2859.17,2884.04,769755.78,8793188.72,-0.6596
300,2010/9/2,2917.74,2931.55,2903.03,2921.39,707008.51,8892314.26,1.2951
300,2010/9/3,2926.94,2929.55,2891.88,2920.21,726410.27,8772482.96,-0.0404
300,2010/9/6,2935.89,2980.42,2935.89,2975.09,938556.81,11046611.64,1.8793
300,2010/9/7,2979.3,2991.44,2959.9,2983.11,735193.61,8548819.39,0.2696
300,2010/9/8,2970,2982.72,2953.84,2980.97,728720.02,9266087.91,-0.0717
300,2010/9/9,2986.87,2986.87,2922.2,2926.46,813955.54,10324828.01,-1.8286
300,2010/9/10,2928,2940.79,2890.04,2932.55,650867.04,8374316.38,0.2081
300,2010/9/13,2933.59,2977.08,2925.42,2962.32,672799,8753617.9,1.0152
300,2010/9/14,2971.55,2984.47,2954.51,2965.01,701059.03,8720442.17,0.0908
300,2010/9/15,2965.54,2965.54,2905.63,2913.19,716196.42,8644596.43,-1.7477
300,2010/9/16,2908.32,2917.85,2834.03,2857.79,740742.84,8419837.59,-1.9017
300,2010/9/17,2864.72,2877.08,2847.68,2861.37,519388.67,6246632.67,0.1253
300,2010/9/20,2865.04,2872.22,2829.76,2849.83,502831.04,5758298.54,-0.4033
300,2010/9/21,2859.43,2869.38,2844.13,2857.48,357518.81,4474202.52,0.2684
300,2010/9/27,2869.93,2905.53,2864.21,2905.03,490718.23,6261153.42,1.6641
300,2010/9/28,2900.54,2900.54,2875.66,2880.91,586608.26,8085974.96,-0.8303
300,2010/9/29,2877.27,2908.73,2866.85,2874.81,567822.36,7451602.2,-0.2117
300,2010/9/30,2859.06,2935.6,2857.42,2935.57,630002.47,8070972.75,2.1135
300,2010/10/8,2965.65,3055.84,2963.24,3044.23,999947.2,13498663.46,3.7015
300,2010/10/11,3069.19,3154.2,3069.19,3132.9,1587349.04,21260706.66,2.9127
300,2010/10/12,3121.64,3173.85,3106.22,3172.73,1273617.05,17824521.98,1.2713
300,2010/10/13,3176.89,3221.65,3165.58,3217.58,1446077.73,19544471.99,1.4136
300,2010/10/14,3245.13,3286.02,3215.03,3224.14,1796118.38,22765445.86,0.2039
300,2010/10/15,3204.72,3327.68,3199.12,3327.68,1934141.4,24561929.63,3.2114
300,2010/10/18,3345.8,3390.02,3288.78,3306.16,2178820.51,26788437.03,-0.6467
300,2010/10/19,3300.52,3375.87,3280,3375.67,1304417.91,16548891.45,2.1024
300,2010/10/20,3304.22,3439.23,3301.01,3396.88,1665284.6,23537205.75,0.6283
300,2010/10/21,3404.72,3418.09,3344.96,3374.69,1238832.45,17538371.27,-0.6532
300,2010/10/22,3365.6,3408.49,3346.11,3378.66,1163618.57,16315361.85,0.1176
300,2010/10/25,3386.85,3481.35,3366.43,3481.08,1454331.05,20880940.47,3.0314
300,2010/10/26,3491.47,3499.82,3436.46,3466.08,1426369.99,20521645.72,-0.4309
300,2010/10/27,3451.43,3490.22,3398.1,3403.87,1237615.7,17707255.21,-1.7948
300,2010/10/28,3390.43,3420.89,3371.44,3397.69,983494.56,14113588.2,-0.1816
300,2010/10/29,3400.26,3404.6,3351.6,3379.98,1004589.7,14552836.59,-0.5212
300,2010/11/1,3390.41,3473,3390.41,3473,1262691.48,18672576.25,2.7521
300,2010/11/2,3484.23,3522.18,3449.72,3463.13,1549114.5,23397622.85,-0.2842
300,2010/11/3,3462.74,3474.71,3419.08,3420.34,1263593.03,17880332.98,-1.2356
300,2010/11/4,3426.46,3480.93,3419.64,3480.51,1167994.81,16472139.38,1.7592
300,2010/11/5,3538.99,3554.47,3498.28,3520.8,1376880.27,19661804.15,1.1576
300,2010/11/8,3534.19,3549.31,3506.38,3548.57,1264707.59,17406758.18,0.7887
300,2010/11/9,3547.44,3547.44,3498.62,3523.95,1224545.33,17017487.67,-0.6938
300,2010/11/10,3507.2,3508.28,3470.97,3499.11,1200785.78,17652978.33,-0.7049
300,2010/11/11,3490.74,3557.99,3484.89,3509.98,1389762.33,20912152.48,0.3107
300,2010/11/12,3484.61,3497.06,3284.35,3291.83,1607338.5,22420079.11,-6.2151
300,2010/11/15,3298.74,3319.98,3241.76,3314.89,1023157.24,14449295.24,0.7005
300,2010/11/16,3311.62,3311.62,3155.48,3169.54,1083070.72,15427811.33,-4.3848
300,2010/11/17,3124.11,3168.93,3087.51,3103.91,832580.8,11898123.16,-2.0706
300,2010/11/18,3134.94,3158.63,3097.39,3147.96,656972.92,9447611.58,1.4192
300,2010/11/19,3168.17,3178.85,3076.21,3178.85,833476.54,11467297.73,0.9813
300,2010/11/22,3148.22,3200.47,3137.75,3171.94,832127.76,11430297.48,-0.2174
300,2010/11/23,3156.48,3156.48,3061.62,3107.18,773995.91,10528146.15,-2.0417
300,2010/11/24,3088.99,3177.41,3088.99,3177.04,753320.83,10768844.66,2.2483
300,2010/11/25,3197.97,3227.05,3172.28,3223.48,834420.94,11694829.53,1.4617
300,2010/11/26,3214.13,3224.52,3170.36,3194.85,644678.24,9622636.72,-0.8882
300,2010/11/29,3183.54,3206.76,3159.46,3190.05,589948.92,8879907.4,-0.1502
300,2010/11/30,3187.53,3205.78,3060.44,3136.99,857623.55,12057232.85,-1.6633
300,2010/12/1,3127.26,3150.44,3111.65,3136.02,488826.68,6947257.96,-0.0309
300,2010/12/2,3185.76,3194.23,3154.32,3155.06,610239.08,8976427.81,0.6071
300,2010/12/3,3161.93,3171.38,3134.42,3158.16,504753.54,7138733.73,0.0983
300,2010/12/6,3168.88,3185.33,3140.56,3165.57,563626.3,8004320.79,0.2346
300,2010/12/7,3152.73,3214.69,3112.22,3200.34,584836.53,8554829.31,1.0984
300,2010/12/8,3194.9,3215.28,3166.77,3171.88,595156.63,8705610.5,-0.8893
300,2010/12/9,3156,3175.05,3122.2,3123.37,661529.65,8315903.62,-1.5294
300,2010/12/10,3107.38,3172.16,3101.08,3161.98,571081.05,7806911.74,1.2362
300,2010/12/13,3176.34,3261.34,3173.56,3261.06,957137.39,13208835.36,3.1335
300,2010/12/14,3270.2,3279.37,3254.18,3269.47,841042.41,11492873.66,0.2579
300,2010/12/15,3270.78,3282.77,3242.52,3247.64,722697.85,10479317.44,-0.6677
300,2010/12/16,3246.01,3258.39,3224.12,3230.67,567996.25,7926237.7,-0.5225
300,2010/12/17,3229.3,3232.84,3212.58,3225.66,449191.47,6569725.97,-0.1551
300,2010/12/20,3239.02,3249.76,3118,3178.66,747596.93,10752197.73,-1.4571
300,2010/12/21,3184.7,3251.55,3168.89,3249.51,798524.2,11246167.53,2.2289
300,2010/12/22,3253.82,3263.45,3201.67,3215.45,699362.58,9830903.24,-1.0482
300,2010/12/23,3210.67,3237.64,3183.15,3188.61,613158.47,8443047.64,-0.8347
300,2010/12/24,3170.64,3187.72,3139.45,3162.96,551377.67,7298913.62,-0.8044
300,2010/12/27,3176.11,3219.66,3092.26,3099.71,700171.07,9985547.86,-1.9997
300,2010/12/28,3084.82,3095.36,3041.33,3044.93,563257.49,7484395.66,-1.7673
300,2010/12/29,3049.93,3062.56,3025.22,3061.83,451927.75,6013477.72,0.555
300,2010/12/30,3063.05,3079.91,3027.9,3064.1,542814.29,7028427.59,0.0741
300,2010/12/31,3069.05,3129.45,3067.11,3128.26,625660.78,9054590.12,2.0939
300,2011/1/4,3155.56,3194.36,3143.6,3189.68,854104.4,12915962.08,1.9634
300,2011/1/5,3170.18,3193.78,3158.87,3175.66,792688.1,11694321.39,-0.4395
300,2011/1/6,3177.84,3198.05,3152.57,3159.64,596810.92,9156844.7,-0.5045
300,2011/1/7,3156.36,3209.9,3141.13,3166.62,840932.33,11365125.02,0.2209
300,2011/1/10,3162.09,3182.78,3102.43,3108.19,654944.06,8799288.17,-1.8452
300,2011/1/11,3096.25,3131.29,3084.51,3124.92,569859.17,7483244.94,0.5383
300,2011/1/12,3135.18,3153.43,3099.41,3142.34,584985.18,7155142.14,0.5575
300,2011/1/13,3153.99,3157.04,3127.16,3141.28,519369.88,6692578.37,-0.0337
300,2011/1/14,3129.67,3129.67,3083.51,3091.86,533514.39,7101210.01,-1.5732
300,2011/1/17,3067.43,3078.88,2968.61,2974.35,668075.62,8545412.11,-3.8006
300,2011/1/18,2965.42,2984.47,2947.6,2977.65,429645.64,5465241.65,0.1109
300,2011/1/19,2978.46,3045.61,2967.24,3044.85,565719.42,7277222.69,2.2568
300,2011/1/20,3037.86,3037.86,2944.5,2944.71,610466.43,7644011.67,-3.2888
300,2011/1/21,2935.23,3030.27,2935.14,2983.46,731029.66,8515779.07,1.3159
300,2011/1/24,2986.09,2999.2,2943.92,2954.23,654725.45,7580523.61,-0.9797
300,2011/1/25,2949.65,2960.59,2919.16,2938.65,489826.89,5757281.95,-0.5274
300,2011/1/26,2939.77,2982.32,2939.36,2978.43,433749.79,5174603.81,1.3537
300,2011/1/27,2953.59,3037.16,2935.27,3026.47,825859.19,9697602.99,1.6129
300,2011/1/28,3020.12,3047.27,3011.38,3036.74,630135.89,7824191.77,0.3393
300,2011/1/31,3035.42,3076.55,3032.45,3076.51,671059.14,8307030.94,1.3096
300,2011/2/1,3083.49,3087.23,3062.83,3077.28,498625.3,6583269.85,0.025
300,2011/2/9,3055.4,3087.55,3031.75,3040.95,603941.45,7814835.62,-1.1806
300,2011/2/10,3034.08,3105.32,3024.35,3104.16,666036.62,8696727.37,2.0786
300,2011/2/11,3100.27,3133.5,3092.58,3120.96,759755.53,9900150.08,0.5412
300,2011/2/14,3123.25,3227.43,3123.25,3219.14,1213023.31,15582938.08,3.1458
300,2011/2/15,3223.22,3259.64,3215.62,3217.67,1095544.38,14774722.79,-0.0457
300,2011/2/16,3211.14,3248.85,3195.47,3248.53,913342.83,12554959.69,0.9591
300,2011/2/17,3255.63,3265.26,3218.91,3245.91,889646.95,12755967.38,-0.0807
300,2011/2/18,3240.05,3242.37,3203.12,3211.88,753786.84,10474337.16,-1.0484
300,2011/2/21,3192.15,3258.28,3189.85,3257.91,793997.76,10805588.24,1.4331
300,2011/2/22,3267.62,3269.05,3161.83,3163.58,1078637.41,14758860.9,-2.8954
300,2011/2/23,3152.44,3182.19,3145.99,3174.74,713248.54,9725142.27,0.3528
300,2011/2/24,3170.24,3195.69,3157.97,3190.94,664868.93,9490828.15,0.5103
300,2011/2/25,3190.87,3213.79,3159.85,3197.62,616192.75,8827589.94,0.2093
300,2011/2/28,3200.68,3241.6,3178.83,3239.56,766306.63,10924997.08,1.3116
300,2011/3/1,3241.71,3273.51,3235.75,3254.89,885669.54,12404075.58,0.4732
300,2011/3/2,3237.12,3257.42,3202.83,3243.3,809106.41,11359200.75,-0.3561
300,2011/3/3,3248.16,3271.64,3221.04,3221.72,1012199.97,13121779.77,-0.6654
300,2011/3/4,3223.51,3273.66,3217.48,3270.67,800139.15,10740181.05,1.5194
300,2011/3/7,3287.41,3337.47,3287.41,3334.51,1181871.97,17040677.25,1.9519
300,2011/3/8,3335.71,3342.71,3311.72,3337.46,848786.55,12630632.61,0.0885
300,2011/3/9,3344.1,3355.49,3322.7,3338.86,780263.61,11353409,0.0419
300,2011/3/10,3330.44,3330.44,3279.33,3280.26,782126.42,11795263.1,-1.7551
300,2011/3/11,3263.08,3290.7,3240.18,3247.38,672083.35,10030607.71,-1.0024
300,2011/3/14,3238.91,3263.91,3230.11,3262.92,636897.83,9413468.8,0.4785
300,2011/3/15,3250.6,3250.6,3147.96,3203.96,960339.79,12960331.52,-1.807
300,2011/3/16,3204.92,3250.88,3202.93,3248.2,788595.2,11182609.57,1.3808
300,2011/3/17,3216.29,3240.38,3185.08,3197.1,856871.14,11729572.76,-1.5732
300,2011/3/18,3228.92,3239.96,3205.14,3215.69,613401.61,8684520.01,0.5815
300,2011/3/21,3220.68,3236.28,3194.15,3207.11,591050.37,8410573.91,-0.2668
300,2011/3/22,3217.8,3227.8,3175.93,3222.96,572486.84,8000979.28,0.4942
300,2011/3/23,3222.33,3267,3216.65,3264.93,720775.85,9854042.37,1.3022
300,2011/3/24,3269.58,3273.37,3250.02,3251.36,613042.44,8805890.59,-0.4156
300,2011/3/25,3256.18,3304.26,3254.68,3294.48,868959.79,12202136.7,1.3262
300,2011/3/28,3307.41,3328.07,3286.86,3290.57,976843,13903008.3,-0.1187
300,2011/3/29,3288.56,3309.2,3256.34,3257.98,1052801.64,13290807.67,-0.9904
300,2011/3/30,3256.72,3274.98,3233.11,3256.08,783363.37,10327193.03,-0.0583
300,2011/3/31,3257.16,3264.96,3210.17,3223.29,645038.8,8656537.27,-1.007
300,2011/4/1,3227.56,3272.77,3220.91,3272.73,630947.22,8671154.99,1.5338
300,2011/4/6,3269.19,3315.3,3268.77,3311.07,1058236.74,14303009.09,1.1715
300,2011/4/7,3313.47,3330.81,3302.82,3324.42,846817.62,11267858.58,0.4032
300,2011/4/8,3321.54,3353.89,3314.09,3353.36,739292.1,10732931.63,0.8705
300,2011/4/11,3363.37,3380.53,3331.17,3333.43,1044205.45,14197438.57,-0.5943
300,2011/4/12,3324.75,3350.16,3307.48,3326.77,1019385.06,12286355.61,-0.1998
300,2011/4/13,3311.32,3372.03,3296.51,3372.03,870363.38,10830523.44,1.3605
300,2011/4/14,3374.32,3378.7,3347.49,3353.56,889722.41,10749122.81,-0.5477
300,2011/4/15,3345.13,3378.11,3323.56,3358.94,785148.74,9893457.26,0.1604
300,2011/4/18,3346.15,3372.9,3335.6,3359.44,865826.24,10717822.78,0.0149
300,2011/4/19,3334.91,3334.91,3290.74,3295.81,851069.33,10436898.3,-1.8941
300,2011/4/20,3300.42,3311.73,3281.83,3295.76,723433.18,9366713.84,-0.0015
300,2011/4/21,3312.27,3330.24,3301.94,3317.37,732404.24,9673913.26,0.6557
300,2011/4/22,3317.08,3325.46,3291.64,3299.94,671714.55,8352833.33,-0.5254
300,2011/4/25,3292.48,3292.48,3247.69,3249.57,744218.29,9845587.96,-1.5264
300,2011/4/26,3242.53,3257.8,3216.21,3230.96,590964.17,7669685.84,-0.5727
300,2011/4/27,3242.62,3256.41,3189.04,3209.5,624435.67,7511124.71,-0.6642
300,2011/4/28,3224.41,3237.19,3160.41,3161.78,650502.35,7915583.02,-1.4868
300,2011/4/29,3161.16,3193.6,3147.14,3192.72,536830.65,6345581.43,0.9786
300,2011/5/3,3192.85,3212.06,3164.93,3211.13,549989.1,6434898.76,0.5766
300,2011/5/4,3192.84,3193.45,3120.96,3129.03,667163.4,8356765.53,-2.5567
300,2011/5/5,3115,3136.9,3105.85,3126.12,525677.47,6300937.35,-0.093
300,2011/5/6,3093.81,3141.68,3083.91,3121.4,553521.86,6974737.27,-0.151
300,2011/5/9,3126.26,3149.94,3118.14,3129.76,460274.04,5728741.25,0.2678
300,2011/5/10,3135.15,3153.3,3121.75,3153.22,409329.95,5493122.48,0.7496
300,2011/5/11,3153.65,3164.65,3127.49,3145.09,476885.33,5950771.95,-0.2578
300,2011/5/12,3123.16,3142.4,3101.14,3101.6,487995.01,6170308.03,-1.3828
300,2011/5/13,3105.3,3128.44,3080.19,3128.09,468959.51,5775720.49,0.8541
300,2011/5/16,3120.44,3137.6,3098.78,3100.46,451943.19,5423872.34,-0.8833
300,2011/5/17,3097.07,3136.23,3076.95,3116.03,512037.31,6541794.37,0.5022
300,2011/5/18,3109.29,3145.7,3106.55,3139.38,396417.68,4975717.42,0.7494
300,2011/5/19,3148.35,3154.94,3118.62,3120.64,431107.82,5224967.97,-0.5969
300,2011/5/20,3120.58,3133.43,3113.27,3121.6,384680.12,4896702.84,0.0308
300,2011/5/23,3115.31,3115.31,3021.45,3022.98,559024.72,6697642.65,-3.1593
300,2011/5/24,3013.72,3029.75,2999.89,3026.22,416089.44,5297169.24,0.1072
300,2011/5/25,3020.32,3030.99,2988.09,2990.34,392897.04,4860439.79,-1.1856
300,2011/5/26,3011.47,3021.2,2977.6,2978.38,370037.47,4834648.24,-0.4
300,2011/5/27,2980.72,2996.61,2962.07,2963.31,427709.05,5201999.41,-0.506
300,2011/5/30,2956.58,2982.58,2942.36,2954.51,346711.6,4296026.06,-0.297
300,2011/5/31,2958.61,3001.73,2946.15,3001.56,396893.99,5055338.62,1.5925
300,2011/6/1,2996.09,3006.56,2985.71,3004.17,384193.27,4906007.65,0.087
300,2011/6/2,2970.63,2984.49,2923.02,2955.71,526178.67,6174834.7,-1.6131
300,2011/6/3,2951.58,2993.9,2951.2,2986.35,390761.64,4927375.9,1.0366
300,2011/6/7,2977.68,3006.57,2974.36,3004.26,368523.32,4985913.49,0.5997
300,2011/6/8,3003.58,3012.81,2965.92,3008.65,429087.58,5112318.81,0.1461
300,2011/6/9,3000.4,3004.06,2951.89,2951.89,474966.36,5538128.04,-1.8866
300,2011/6/10,2947.93,2964.08,2925.87,2961.93,422018.82,5094299.29,0.3401
300,2011/6/13,2940.39,2957.52,2921.75,2950.35,383516.68,4699128.34,-0.391
300,2011/6/14,2947.66,3000.53,2943.53,2993.56,559828.15,6615891.14,1.4646
300,2011/6/15,2984.96,2999.15,2963.11,2963.12,443908.52,5446770.1,-1.0168
300,2011/6/16,2939.68,2946.82,2915.4,2917.58,411354.82,4706718.55,-1.5369
300,2011/6/17,2916.41,2934.06,2891.02,2892.16,411765.3,5164715.62,-0.8713
300,2011/6/20,2888.94,2896.08,2862.41,2874.9,379919.82,4541669.68,-0.5968
300,2011/6/21,2883.35,2909.57,2877.05,2909.07,420389.23,5016067.89,1.1886
300,2011/6/22,2913.67,2921.03,2894.18,2908.58,373188.02,4326382.57,-0.0168
300,2011/6/23,2899.01,2966.54,2888.68,2957.63,459411.17,5527688.63,1.6864
300,2011/6/24,2946.61,3047.94,2944.05,3027.47,854592.4,10497292.32,2.3614
300,2011/6/27,3028.5,3056.02,3019.24,3036.49,656157.71,7904415.27,0.2979
300,2011/6/28,3040.18,3046.8,3014,3041.73,557662.54,7033338.49,0.1726
300,2011/6/29,3039.05,3043.82,2999.95,3000.17,534768.48,6171762.3,-1.3663
300,2011/6/30,3003.23,3058.63,3003.23,3044.09,625025.49,7389166.88,1.4639
300,2011/7/1,3052.12,3071.21,3034.07,3049.75,567666.53,7261464.54,0.1859
300,2011/7/4,3064.94,3124.58,3064.94,3121.98,804640.31,10267982.14,2.3684
300,2011/7/5,3122.9,3128.53,3105.09,3122.5,677633.35,8199982.79,0.0167
300,2011/7/6,3116.12,3116.12,3084.83,3113.71,615558.07,7655699.7,-0.2815
300,2011/7/7,3123.29,3140.1,3101.1,3101.68,718103.6,9212055.01,-0.3864
300,2011/7/8,3105.49,3124.39,3093.37,3109.18,512825.93,6515554.29,0.2418
300,2011/7/11,3097.87,3121,3086.26,3113.21,479206.6,6223724.88,0.1296
300,2011/7/12,3089.14,3090.1,3054.8,3056.91,571079.84,7122264.04,-1.8084
300,2011/7/13,3060.42,3108.5,3060.42,3106.25,541143.67,6829483.03,1.614
300,2011/7/14,3112.59,3126.15,3092.47,3115.75,603149.35,7994850.5,0.3058
300,2011/7/15,3105.5,3130.78,3097.34,3128.89,615503.22,7942484.9,0.4217
300,2011/7/18,3131.8,3137.92,3113.67,3122.6,606913.11,7822503.1,-0.201
300,2011/7/19,3108.47,3109.92,3088.38,3095.13,533887.09,6850606.89,-0.8797
300,2011/7/20,3113.71,3119.54,3071.85,3091.57,441183.31,5693099.3,-0.115
300,2011/7/21,3092.27,3099.28,3058.26,3059.14,440846.91,5794263.74,-1.049
300,2011/7/22,3066.19,3083.19,3059.6,3067.99,372572.55,4961894.84,0.2893
300,2011/7/25,3050.9,3050.9,2958.88,2968.29,671809.96,7751363.23,-3.2497
300,2011/7/26,2965.72,2980.86,2957.61,2977.77,435154.57,4956068.45,0.3194
300,2011/7/27,2961.58,3002.69,2951.52,3000.05,483856.12,5874622.03,0.7482
300,2011/7/28,2973.64,2984.38,2956.71,2981,481389.84,6067859.8,-0.635
300,2011/7/29,2981.02,2995.97,2948.08,2972.08,462982.53,5435823.73,-0.2992
300,2011/8/1,2969.11,2991.05,2958.83,2977.72,338869.49,4120312.3,0.1898
300,2011/8/2,2958.85,2958.85,2919.01,2956.38,389783.57,4843529.54,-0.7167
300,2011/8/3,2930.19,2969.13,2927.1,2954.87,386683.62,4959398.38,-0.0511
300,2011/8/4,2962.91,2983.01,2951.84,2960.31,329857.19,4133565.66,0.1841
300,2011/8/5,2881.74,2916.41,2868.16,2897.42,493168.54,6024001.74,-2.1244
300,2011/8/8,2864.51,2888.77,2747.97,2793.9,715177.66,8369478.75,-3.5728
300,2011/8/9,2720.95,2812.77,2697.06,2798.19,698426.76,7965327.82,0.1535
300,2011/8/10,2845.35,2858.55,2820.12,2824.12,586593.12,6858054.06,0.9267
300,2011/8/11,2779.72,2867.31,2777.76,2866.92,589976.89,6922394.54,1.5155
300,2011/8/12,2881.55,2894.22,2868.87,2875.37,571974.06,6348764.37,0.2947
300,2011/8/15,2883.17,2917.88,2870.19,2917.88,598754.76,6110222.65,1.4784
300,2011/8/16,2920.83,2932.14,2888.33,2897.58,509626.81,5749662.83,-0.6957
300,2011/8/17,2893.85,2910.84,2881.63,2886.01,391781.79,4189185.36,-0.3993
300,2011/8/18,2887.1,2890,2832.27,2834.25,407688.83,4578442.32,-1.7935
300,2011/8/19,2789.35,2814.1,2782.56,2807.66,432596.5,4844296.2,-0.9382
300,2011/8/22,2809.33,2829.69,2768.42,2777.79,342096.85,4013653.86,-1.0639
300,2011/8/23,2788.7,2821,2777.29,2821,326205.14,3644199.45,1.5556
300,2011/8/24,2834.58,2845.47,2804.82,2810.02,353015.65,4193977.8,-0.3892
300,2011/8/25,2818.7,2904.44,2815.91,2903.84,722168.45,7574596.01,3.3388
300,2011/8/26,2889.38,2907.4,2876.83,2901.22,456041.02,5175942.77,-0.0902
300,2011/8/29,2875.78,2875.78,2847.48,2852.81,442678.5,4989265.32,-1.6686
300,2011/8/30,2875.14,2901.73,2838.33,2841.74,431378.72,4856579.03,-0.388
300,2011/8/31,2843.99,2855.31,2823.77,2846.78,321078.99,3762454.41,0.1774
300,2011/9/1,2852.39,2869.25,2825.96,2834.54,301187.02,3514372.73,-0.43
300,2011/9/2,2828.84,2836.62,2790.77,2803.85,293171.16,3196059.88,-1.0827
300,2011/9/5,2780.83,2780.83,2743.38,2743.82,320056.6,3604031.26,-2.141
300,2011/9/6,2727.75,2745.36,2711.07,2723.3,297139.82,3374680.51,-0.7479
300,2011/9/7,2738.79,2779.21,2730.06,2779.09,332653.81,3709666.22,2.0486
300,2011/9/8,2788.83,2789.11,2755.8,2756.11,268387.35,3120944.11,-0.8269
300,2011/9/9,2770.15,2796.35,2739.62,2751.1,270735.03,3034813.11,-0.1818
300,2011/9/13,2712.44,2726.19,2698.66,2720.28,267137.64,3003434,-1.1203
300,2011/9/14,2729.26,2736.91,2677.13,2733.11,304247.8,3285841.66,0.4716
300,2011/9/15,2734.55,2754.19,2728.91,2729.05,311719.25,3250710.91,-0.1485
300,2011/9/16,2744.22,2755.89,2729,2733.99,275559.32,2974391.2,0.181
300,2011/9/19,2718.32,2718.32,2678.8,2679.27,290909.41,2973141.61,-2.0015
300,2011/9/20,2675.04,2702.28,2664.1,2689.85,255986.81,2727434.74,0.3949
300,2011/9/21,2691.7,2778.35,2677.35,2771.01,561941.71,5914648.72,3.0173
300,2011/9/22,2745.15,2754.92,2684.94,2685.69,471026.6,4779333.41,-3.079
300,2011/9/23,2644.29,2681.23,2631.43,2669.48,425922.24,4593433.47,-0.6036
300,2011/9/26,2645.25,2679.56,2603.11,2610.92,391751.24,4049502.25,-2.1937
300,2011/9/27,2634.93,2652.56,2613.42,2637.88,350219.74,3730131.09,1.0326
300,2011/9/28,2654.83,2660.1,2602.63,2610.59,341695.55,3619591.96,-1.0345
300,2011/9/29,2593.56,2615.14,2577.29,2588.19,370935.93,3770858.44,-0.858
300,2011/9/30,2595.58,2607.57,2572.19,2581.35,320508.22,3237667.83,-0.2643
300,2011/10/10,2588.35,2595.32,2552.28,2557.08,283251.22,2814990.21,-0.9402
300,2011/10/11,2625.16,2635.69,2526.65,2551.99,450298.48,4740989.22,-0.1991
300,2011/10/12,2537.4,2647.02,2523.34,2644.76,659456.8,6282283.18,3.6352
300,2011/10/13,2636.86,2672.91,2629.41,2662.6,604262.01,5663104.38,0.6745
300,2011/10/14,2655.36,2665.44,2629.88,2653.78,383369.48,3732670.96,-0.3313
300,2011/10/17,2658.95,2687.1,2653.38,2666.95,361583.15,3810162.04,0.4963
300,2011/10/18,2646.84,2651.73,2589.21,2592.21,393734.48,3945330.34,-2.8025
300,2011/10/19,2599.92,2617.41,2580.66,2583.08,311161.66,3211496.71,-0.3522
300,2011/10/20,2566.6,2570.1,2500.49,2520.53,398424.62,3940960,-2.4215
300,2011/10/21,2522.26,2538.12,2504.69,2507.88,298435.03,2909070.7,-0.5019
300,2011/10/24,2517.06,2581.13,2501.96,2576.67,463458.01,4405673.11,2.743
300,2011/10/25,2572.71,2633.97,2560.05,2625.43,579673.75,5753346.22,1.8924
300,2011/10/26,2613.27,2679.66,2611.01,2651.65,730982.4,6953436.35,0.9987
300,2011/10/27,2658.43,2672.84,2647.3,2657.48,488203.91,4740321.93,0.2199
300,2011/10/28,2694.54,2729.14,2689.38,2709.02,716431.05,7290841.97,1.9394
300,2011/10/31,2704.54,2709.32,2680.99,2695.31,504071.12,5252249.91,-0.5061
300,2011/11/1,2672.51,2726.09,2669.05,2697.53,552066.51,5606760.55,0.0824
300,2011/11/2,2658.55,2742.94,2653.72,2742.39,643615.84,6532747.63,1.663
300,2011/11/3,2752.63,2781.04,2743.2,2744.3,848207.6,9050255,0.0696
300,2011/11/4,2770.57,2781.99,2748.98,2763.75,619582.18,6350086.86,0.7087
300,2011/11/7,2750.99,2769.3,2733.17,2736.25,453750.56,4776193.51,-0.995
300,2011/11/8,2745.06,2756.09,2723.69,2727.71,478842.52,4786491.27,-0.3121
300,2011/11/9,2739.15,2755.81,2710.05,2751.65,468779.6,4848423.01,0.8777
300,2011/11/10,2720.84,2729.57,2698.31,2699.59,511737.02,5179394.85,-1.892
300,2011/11/11,2705.24,2713.91,2685.1,2695,366366.96,3872421.93,-0.17
300,2011/11/14,2717.54,2751.88,2714.86,2750.2,463909.43,5133348.9,2.0482
300,2011/11/15,2746.77,2754,2732.91,2744.68,417598.64,4698073.9,-0.2007
300,2011/11/16,2745.86,2746.29,2659.15,2670.12,559492.39,5784419.9,-2.7165
300,2011/11/17,2671.95,2687.83,2660.65,2662.02,352476.52,3776263.59,-0.3034
300,2011/11/18,2643.67,2646.21,2601.18,2606.5,424147.18,4494947.71,-2.0856
300,2011/11/21,2608.56,2613.26,2587.74,2609.69,279718.96,3117540.68,0.1224
300,2011/11/22,2592.23,2611.15,2580.78,2609.48,290690.78,3188673.51,-0.008
300,2011/11/23,2613.29,2617.09,2578.16,2584.01,285314.12,3095856.35,-0.9761
300,2011/11/24,2565.69,2604.24,2557.7,2588.92,303196.01,3189472.69,0.19
300,2011/11/25,2585.14,2598.39,2563.65,2569.97,239137.66,2750935.85,-0.732
300,2011/11/28,2578.34,2589.35,2562.49,2573.32,256669.36,2917953.94,0.1304
300,2011/11/29,2595.09,2609.19,2580.29,2608.57,300258.78,3496242.6,1.3698
300,2011/11/30,2600.1,2601.9,2507.18,2521.52,423526.45,4245420.54,-3.3371
300,2011/12/1,2596.15,2630.66,2577.72,2583.61,635202.52,6614680.95,2.4624
300,2011/12/2,2570.56,2575.69,2543.53,2557.31,321837.03,3316841.93,-1.018
300,2011/12/5,2561.2,2561.2,2517.18,2521.39,320633.88,3274992.74,-1.4046
300,2011/12/6,2515.04,2525.67,2499.57,2516.34,262975.81,2631094.16,-0.2003
300,2011/12/7,2517.34,2534.53,2509.78,2528.23,232618.39,2343373.05,0.4725
300,2011/12/8,2525.04,2549.1,2494.69,2525,277777.44,2784368.36,-0.1278
300,2011/12/9,2506.62,2525.16,2496.97,2503.46,240290.59,2547724.2,-0.8531
300,2011/12/12,2497.92,2502.05,2476.12,2477.69,219012.49,2120044.41,-1.0294
300,2011/12/13,2467.02,2472.66,2418.67,2421.93,357175.34,3326915.42,-2.2505
300,2011/12/14,2415.94,2433.55,2392.3,2397.48,253201.09,2375360.64,-1.0095
300,2011/12/15,2382.44,2384.47,2340.45,2340.79,367508.34,3390040.2,-2.3646
300,2011/12/16,2339.98,2390.38,2332.14,2390.13,363023.39,3365205.88,2.1078
300,2011/12/19,2370.42,2387.89,2321.66,2384.41,379097.52,3371137.1,-0.2393
300,2011/12/20,2376.71,2412.57,2373.86,2377.07,324023.27,2996765.87,-0.3078
300,2011/12/21,2397.28,2404.78,2337.69,2339.11,312095.25,3091783.97,-1.5969
300,2011/12/22,2325.27,2358.47,2294.61,2341.34,366838.58,3184545.53,0.0953
300,2011/12/23,2337.38,2382.71,2331.96,2359.16,331619.04,2991029.69,0.7611
300,2011/12/26,2345.56,2369.82,2334.79,2335.7,282240.87,2503305.31,-0.9944
300,2011/12/27,2332.83,2346.38,2302.41,2305.04,292773.14,2677702.13,-1.3127
300,2011/12/28,2295.87,2309.65,2267.11,2307.93,328820.2,2883927.42,0.1254
300,2011/12/29,2297.29,2323.49,2293.87,2311.36,308877,2686822.33,0.1486
300,2011/12/30,2318.67,2349.03,2318.67,2345.74,358652.43,3236265.03,1.4874
300,2012/1/4,2361.5,2365.99,2298.3,2298.75,343445.67,3257255.13,-2.0032
300,2012/1/5,2290.78,2316.66,2272.15,2276.39,430164.8,3763527.21,-0.9727
300,2012/1/6,2274.35,2291.89,2254.57,2290.6,351989.92,3107936.23,0.6242
300,2012/1/9,2291.18,2368.89,2271.72,2368.57,547273.41,5147812.7,3.4039
300,2012/1/10,2365.77,2449.96,2361.28,2447.35,811549.89,7524915.71,3.3261
300,2012/1/11,2444.76,2453.15,2423.32,2435.61,587056.74,5758721.93,-0.4797
300,2012/1/12,2426.82,2464.38,2423.32,2435.22,471212.75,4787740.73,-0.016
300,2012/1/13,2438.41,2445.79,2374.55,2394.33,455139.97,4722833.86,-1.6791
300,2012/1/16,2376.95,2394.5,2345.63,2345.65,305271.45,3441038.53,-2.0331
300,2012/1/17,2347.57,2462.43,2329.25,2460.6,642056.48,6432413.11,4.9006
300,2012/1/18,2464.92,2485.5,2414.53,2422.19,638923.58,6705883.89,-1.561
300,2012/1/19,2423.86,2480.21,2414.99,2468.35,556157.26,5637765.33,1.9057
300,2012/1/20,2476.73,2510.34,2462.59,2504.09,545297.83,5747447.57,1.4479
300,2012/1/30,2508.88,2508.88,2460.4,2460.72,435171.48,4477088.53,-1.732
300,2012/1/31,2462.34,2472.84,2447.77,2464.26,307015.01,3269413.21,0.1439
300,2012/2/1,2458.23,2481.66,2423.45,2428.99,350153.74,3775232.08,-1.4313
300,2012/2/2,2437.47,2486.24,2429.71,2486.24,420669.85,4412638.37,2.3569
300,2012/2/3,2478.34,2514.65,2470.28,2506.09,499492.4,5150754.6,0.7984
300,2012/2/6,2511.17,2520.76,2488.71,2504.32,450799.05,4754152.35,-0.0706
300,2012/2/7,2489.03,2489.03,2441.7,2457.95,396791.64,4003427.71,-1.8516
300,2012/2/8,2456.42,2534.16,2451,2528.24,561864.56,6172130.5,2.8597
300,2012/2/9,2525.59,2546.03,2513.13,2529.23,592997.51,6345620.46,0.0392
300,2012/2/10,2521.68,2560.03,2521.16,2533.62,615758.77,6002948.24,0.1736
300,2012/2/13,2504.41,2553.45,2496.31,2531.98,519139.73,5428262.24,-0.0647
300,2012/2/14,2528.97,2533.26,2506.54,2522.11,404301.01,4372368.23,-0.3898
300,2012/2/15,2515.83,2562.07,2511.29,2549.61,580903.7,6042239.41,1.0904
300,2012/2/16,2544.64,2559.35,2519.04,2536.07,543954.31,5516563.33,-0.5311
300,2012/2/17,2551.82,2558.35,2522.86,2537.09,389947.16,4045800.34,0.0402
300,2012/2/20,2571.91,2574.75,2539.9,2540.71,561533.29,5674891.29,0.1427
300,2012/2/21,2544.84,2562.91,2520.79,2562.45,478948.08,4775822.55,0.8557
300,2012/2/22,2564.32,2598.86,2560.34,2597.48,763766.56,7642180.69,1.3671
300,2012/2/23,2595.78,2614.54,2590.52,2606.26,703771.26,7261208.93,0.338
300,2012/2/24,2607.34,2648.02,2602.78,2648.02,859997.08,8805861.67,1.6023
300,2012/2/27,2658.12,2693.84,2656.57,2656.57,1015140.34,10667020.76,0.3229
300,2012/2/28,2652.34,2671.83,2641.46,2662.46,775925.36,7721305.3,0.2217
300,2012/2/29,2655.86,2666.65,2631.78,2634.14,591202.06,6487522.12,-1.0637
300,2012/3/1,2622.74,2647.79,2621.86,2633.35,421484.41,4652407.97,-0.03
300,2012/3/2,2637.96,2679.93,2637.96,2679.93,641220.34,6698159.14,1.7688
300,2012/3/5,2687.74,2694.61,2660.96,2662.7,713954.58,7497326.11,-0.6429
300,2012/3/6,2654.8,2657.96,2615.6,2621.05,624471.48,6885255.78,-1.5642
300,2012/3/7,2596.48,2628.59,2594.13,2603.01,569487.33,6324329.3,-0.6883
300,2012/3/8,2612.4,2645.95,2612.4,2635.79,575494.13,6445885.1,1.2593
300,2012/3/9,2644.1,2664.41,2631.41,2664.3,552589.21,6596344.17,1.0816
300,2012/3/12,2663.24,2666.43,2636.42,2654.4,623272.16,7436770.2,-0.3716
300,2012/3/13,2653.68,2681.33,2649.17,2681.07,584044.69,6642976.43,1.0047
300,2012/3/14,2694.48,2705.75,2595.34,2605.11,1084265.4,11708040.87,-2.8332
300,2012/3/15,2602.66,2618.25,2575.44,2585.55,725659.6,7704276.65,-0.7508
300,2012/3/16,2591.8,2624.32,2577.25,2623.52,580912.59,6745182.23,1.4685
300,2012/3/19,2617.66,2631.05,2598.63,2630.01,576466.25,6880393.8,0.2474
300,2012/3/20,2622.66,2622.66,2584.02,2584.45,581140.65,6426381.72,-1.7323
300,2012/3/21,2597.38,2613.27,2569.08,2587.79,580025.44,6667492.01,0.1292
300,2012/3/22,2586.94,2599.24,2570.45,2583.75,449267.77,5011550.59,-0.1561
300,2012/3/23,2575.33,2578.83,2544.53,2552.94,433292.56,4781244.3,-1.1925
300,2012/3/26,2551.43,2562.93,2540.7,2555.44,318162.11,3635613.39,0.0979
300,2012/3/27,2565.55,2571.9,2544.37,2547.14,359446.04,4739445.49,-0.3248
300,2012/3/28,2538.46,2540.42,2471.03,2474.9,500057.9,5499364.1,-2.8361
300,2012/3/29,2463.69,2476.48,2429.73,2443.12,461313.04,4865159.59,-1.284
300,2012/3/30,2447.94,2461.98,2438.49,2454.9,370270.86,3913973.49,0.482
300,2012/4/5,2449.21,2517.39,2441.27,2512.83,543316.87,5804969.1,2.3599
300,2012/4/6,2509.45,2525.53,2502.7,2519.83,423685.76,4720779.51,0.2785
300,2012/4/9,2510.53,2518.38,2491.59,2495.15,353709.86,3818075.18,-0.9796
300,2012/4/10,2490.28,2519.81,2459.35,2519.79,413359.05,4406483.39,0.9876
300,2012/4/11,2494.52,2541.13,2489.33,2520.04,425103.1,4362798.39,0.0098
300,2012/4/12,2522.83,2570.84,2516.57,2570.44,564884.09,5953695.08,2
300,2012/4/13,2575.05,2593.79,2570.04,2580.45,530926.43,6189297.74,0.3897
300,2012/4/16,2564.23,2586.2,2559.78,2574.04,408397,4265075.64,-0.2484
300,2012/4/17,2572.36,2578.76,2541.54,2541.88,378154.67,3832841.71,-1.2494
300,2012/4/18,2550.91,2602.11,2546,2599.91,586884.08,5936100.59,2.2828
300,2012/4/19,2598.33,2606.86,2585.3,2596.06,464481.09,5551293.15,-0.1482
300,2012/4/20,2591.51,2627.38,2589.35,2626.84,614463.79,6382990.81,1.1858
300,2012/4/23,2624.75,2632.09,2599.11,2606.04,586649.38,6207394.96,-0.7919
300,2012/4/24,2594.8,2640.3,2559.46,2604.87,711395.58,7315051.4,-0.045
300,2012/4/25,2598.23,2631.44,2593.33,2625.99,624680.53,6352945.89,0.8109
300,2012/4/26,2632.72,2643.77,2617.09,2631.49,589656.67,6437748.67,0.2093
300,2012/4/27,2630.55,2637.92,2623.6,2626.16,482335.86,5334551.6,-0.2025
300,2012/5/2,2660.67,2697.95,2643.53,2683.49,801486.54,9236609.2,2.183
300,2012/5/3,2679.52,2693.88,2675.81,2691.52,593610.9,7233733.64,0.2993
300,2012/5/4,2689.62,2716.03,2677.14,2715.88,632180.86,7369955.11,0.9051
300,2012/5/7,2699.45,2717.78,2694.32,2717.78,685473.14,8271566.86,0.0699
300,2012/5/8,2717.41,2717.83,2683.56,2709.12,631108.4,7374449.8,-0.3187
300,2012/5/9,2685.19,2685.19,2655.32,2657.51,584002.83,6948257.86,-1.9048
300,2012/5/10,2657.87,2667.68,2649.38,2657.21,469625.76,5405695.36,-0.0113
300,2012/5/11,2652.31,2666.57,2636.52,2636.92,410061.43,4939289.83,-0.7638
300,2012/5/14,2653.81,2656.28,2613.35,2615.53,520824.84,6033129.45,-0.8109
300,2012/5/15,2597.64,2618.18,2591.6,2617.37,457672.71,5137476.19,0.0703
300,2012/5/16,2610.16,2612.63,2574.08,2574.65,432802.74,4786353.63,-1.6324
300,2012/5/17,2577.96,2619.59,2571.2,2613.94,437283.89,4920391,1.5262
300,2012/5/18,2595.55,2603.19,2567.3,2573.98,434221.24,4690751.18,-1.529
300,2012/5/21,2572.37,2604.22,2563.97,2587.23,386020.9,4430040.58,0.515
300,2012/5/22,2598.17,2627.6,2597.6,2627.53,427735.29,4939241.3,1.5574
300,2012/5/23,2621.79,2635.78,2598.29,2616.87,437195.31,5256340.33,-0.4056
300,2012/5/24,2613.1,2630.41,2588.21,2595.26,428440.66,5006443.99,-0.8258
300,2012/5/25,2595.26,2602.17,2565.65,2573.1,392730.04,4142008.18,-0.8537
300,2012/5/28,2562.6,2614.85,2545.34,2614.69,563392.75,5841234.3,1.6162
300,2012/5/29,2615.15,2658.26,2612.56,2650.85,721356.37,7868150.46,1.3831
300,2012/5/30,2646.37,2655.16,2636.52,2642.26,518554.36,5697627.54,-0.3243
300,2012/5/31,2623.16,2645.59,2617.23,2632.04,441074.69,4987504.14,-0.3866
300,2012/6/1,2633.6,2653.86,2623.29,2633,441910.56,5384340.43,0.0363
300,2012/6/4,2598.73,2608.32,2558.92,2559.03,524785.02,6061556.95,-2.8094
300,2012/6/5,2565.19,2573.89,2548.76,2558.84,377799.1,4355330.36,-0.0072
300,2012/6/6,2564.23,2573.74,2547.33,2557.4,338576.94,4131690.86,-0.0563
300,2012/6/7,2579.43,2584.04,2536.26,2542.18,348411.86,4205300.01,-0.595
300,2012/6/8,2558.84,2559.13,2520.41,2524.33,438564.26,4763800.59,-0.7023
300,2012/6/11,2529.6,2565.43,2523.77,2558.27,400982.6,4344965.75,1.3444
300,2012/6/12,2543.77,2553.92,2529.95,2540.18,379366.76,4025991.15,-0.707
300,2012/6/13,2546.79,2581.12,2539.63,2580.64,450145.68,5129126.95,1.5927
300,2012/6/14,2573.33,2584.71,2558.57,2560.42,402479.34,4633182.26,-0.7833
300,2012/6/15,2565.19,2580.17,2538.57,2568.05,427860.78,4886830.29,0.2981
300,2012/6/18,2576.63,2593.22,2572.99,2581.21,356936.28,4085245.02,0.5124
300,2012/6/19,2577.36,2577.36,2556.1,2558.62,327005.53,3702004.13,-0.8752
300,2012/6/20,2563.64,2570.66,2549.44,2552.61,298506.39,3357366.98,-0.2349
300,2012/6/21,2547.05,2547.05,2502.42,2512.19,353967.32,3860795.9,-1.5837
300,2012/6/25,2501.16,2501.16,2455.01,2456.52,401067.35,4250350.72,-2.2159
300,2012/6/26,2442.56,2465.12,2434.64,2454.92,317340.08,3389651.17,-0.0653
300,2012/6/27,2452.67,2470.76,2444.34,2447.2,300075.53,3143759.74,-0.3145
300,2012/6/28,2451.66,2459.19,2425.24,2425.73,305431.13,3441879.32,-0.8772
300,2012/6/29,2418.86,2462.82,2417.49,2461.61,379949.41,4097653.84,1.4793
300,2012/7/2,2473.55,2473.97,2452.99,2465.24,405100.78,4565147.65,0.1473
300,2012/7/3,2464.85,2490.55,2457.45,2468.72,386933.54,4500465.39,0.1413
300,2012/7/4,2474.53,2481.34,2456,2464.92,344521.42,3783765.99,-0.154
300,2012/7/5,2450.3,2450.3,2420,2430.37,347261.45,3594620.44,-1.4016
300,2012/7/6,2435.06,2477.23,2420.36,2472.61,496106.05,5660177.89,1.7382
300,2012/7/9,2455.89,2470.21,2414.95,2416.04,492233.02,5460173.25,-2.2882
300,2012/7/10,2411,2426.53,2402.37,2406.71,355499.84,3853902.52,-0.3862
300,2012/7/11,2402.18,2427.8,2402.15,2425.57,376243.12,3985189.22,0.7839
300,2012/7/12,2420.04,2460.56,2404.58,2449.18,567176.91,6513753.69,0.9733
300,2012/7/13,2441.01,2467.99,2438.98,2450.63,367252.56,4201358.12,0.0593
300,2012/7/16,2452.6,2452.6,2399.61,2399.73,427718.7,4584488.21,-2.0771
300,2012/7/17,2391.9,2421.93,2391.28,2414.2,334243.29,3828544.16,0.603
300,2012/7/18,2412.06,2420.78,2373.65,2414.34,417517.88,4432549.26,0.0056
300,2012/7/19,2407.44,2444.06,2401.29,2424.32,469490.52,4770403.9,0.4137
300,2012/7/20,2415.71,2423.8,2392.18,2398.46,376197.54,3668362.4,-1.067
300,2012/7/23,2379.89,2379.89,2357.51,2365.43,323903.69,3317892.86,-1.3769
300,2012/7/24,2353.22,2392.35,2352.8,2375.99,303100.79,3114910.58,0.4465
300,2012/7/25,2368.38,2381.04,2357.47,2360.08,248965.01,2573059.81,-0.6696
300,2012/7/26,2360.13,2374.87,2344.7,2347.49,313140.94,3132639.5,-0.5337
300,2012/7/27,2353.94,2364.98,2341.29,2349.11,310905.25,3304818.21,0.069
300,2012/7/30,2350.78,2367.03,2334,2335.79,304848.51,2990797.23,-0.5668
300,2012/7/31,2336.88,2350.07,2329.51,2332.92,320997.23,3119633.25,-0.1229
300,2012/8/1,2332.13,2371.12,2331.95,2358.65,314208.48,3127776.44,1.1029
300,2012/8/2,2354.07,2358.56,2325.61,2334.88,315161.59,2975116.66,-1.0077
300,2012/8/3,2340.25,2354.16,2329.93,2353.74,297697.85,3110694.73,0.8075
300,2012/8/6,2350.12,2388.36,2348.12,2385.61,418206.65,4368668.63,1.3542
300,2012/8/7,2383.26,2390.78,2379.45,2388.87,382854.89,4040371.15,0.1367
300,2012/8/8,2390.96,2405.18,2382.83,2389.8,378104.51,4134086.22,0.0386
300,2012/8/9,2388.43,2412.14,2378.85,2411.7,356589.51,4325609.69,0.9166
300,2012/8/10,2409.94,2413.42,2395.91,2399.75,347029.95,4069922.25,-0.4955
300,2012/8/13,2394.5,2394.5,2350.81,2351.93,447835.46,4624967.62,-1.9927
300,2012/8/14,2352.66,2357.85,2324.91,2357.02,398500.66,4240468.75,0.2162
300,2012/8/15,2350.02,2350.02,2330.15,2331.62,305801.76,3033255.48,-1.0777
300,2012/8/16,2327.91,2335.4,2317.06,2319.67,259029.05,2707600.35,-0.5123
300,2012/8/17,2318.43,2322.89,2295.16,2313.48,260657.17,2862996.68,-0.267
300,2012/8/20,2294.9,2307.41,2279.95,2301.79,274020.33,2717481.69,-0.5052
300,2012/8/21,2301.93,2327.38,2296.55,2313.7,348951,3475786.93,0.5176
300,2012/8/22,2315.14,2317.37,2285.76,2295.59,317084.12,3154751.92,-0.783
300,2012/8/23,2298.18,2311.65,2285.37,2302.2,313353.42,3378960.39,0.2881
300,2012/8/24,2295.68,2299.3,2274.57,2275.68,318695.91,3298633.65,-1.152
300,2012/8/27,2268.49,2268.49,2228.15,2228.2,373861.91,3538415.61,-2.0861
300,2012/8/28,2226.9,2250.6,2222,2238.41,337736.15,3033107.63,0.4581
300,2012/8/29,2230.2,2240.11,2214.43,2214.81,290106.48,2739618.66,-1.0542
300,2012/8/30,2204.52,2223.2,2188.72,2211.37,354913.1,3386720.61,-0.1555
300,2012/8/31,2205.57,2218.87,2203.12,2204.87,259649.86,2334089.1,-0.294
300,2012/9/3,2201.12,2236.56,2197.71,2228.37,385485.92,3529917.67,1.0659
300,2012/9/4,2231.72,2234.88,2199.51,2204.41,348526.88,3322020.39,-1.0753
300,2012/9/5,2199.74,2209.54,2186.96,2199.88,347518.24,3044516.82,-0.2056
300,2012/9/6,2204.44,2218.68,2199.86,2217.82,316958.84,2687331.59,0.8159
300,2012/9/7,2233.91,2341.52,2233.91,2317.18,945297.64,8430224.92,4.4799
300,2012/9/10,2320.56,2334.5,2313.57,2326.67,653305.54,6325203.85,0.4094
300,2012/9/11,2316.53,2316.53,2294.82,2311.89,462607.19,4338976.6,-0.6351
300,2012/9/12,2325.93,2337.2,2298.3,2320.07,496225.18,4648517.45,0.3539
300,2012/9/13,2316.68,2325.53,2298.37,2298.46,420498.49,3802399.83,-0.9314
300,2012/9/14,2324.01,2332.42,2298.83,2315.54,615718.14,5543861.29,0.7431
300,2012/9/17,2312.06,2314.99,2258.18,2258.71,489847.34,4375316.97,-2.4546
300,2012/9/18,2249.43,2253.14,2228.04,2235.24,332286.96,3017149.72,-1.0389
300,2012/9/19,2237.22,2249.24,2229.49,2246.24,343497.06,3260701.09,0.492
300,2012/9/20,2236.19,2236.19,2194.22,2195.95,425457.79,3838585.65,-2.2386
300,2012/9/21,2190.33,2217.47,2186.53,2199.06,381205.93,3404336.81,0.1417
300,2012/9/24,2183.97,2225.81,2172.88,2215.52,375016.86,3360876.12,0.7482
300,2012/9/25,2209.98,2225.33,2202.38,2210.15,278770.19,2667706.45,-0.242
300,2012/9/26,2208.91,2216.82,2181.08,2184.89,274546.26,2491891.65,-1.143
300,2012/9/27,2186,2266.3,2185.77,2251.72,530169,4821057.78,3.0586
300,2012/9/28,2235.06,2297.03,2234.32,2293.11,578758.25,5443146.59,1.8381
300,2012/10/8,2291.96,2305.18,2258.11,2270.05,355344.24,3391584.03,-1.0053
300,2012/10/9,2281.75,2327.73,2281.75,2320.16,525488.87,4833019.64,2.2071
300,2012/10/10,2314.59,2325.75,2304.61,2324.12,426862.38,3787399.62,0.1707
300,2012/10/11,2315.9,2321.35,2300.93,2302.53,413006.55,3617296.35,-0.9287
300,2012/10/12,2311.28,2332.15,2287.01,2304.53,368741.45,3320590.38,0.0868
300,2012/10/15,2306.01,2307.88,2278.46,2294.86,286517.46,2856902.16,-0.4198
300,2012/10/16,2293.24,2315.45,2287.59,2298.16,320596.79,3270514.05,0.144
300,2012/10/17,2307.36,2312.17,2280.82,2300.8,333494.09,3127089.9,0.1149
300,2012/10/18,2307.49,2341.12,2305.88,2336.08,506151,4505029.25,1.5331
300,2012/10/19,2335.11,2342.53,2328.73,2332.47,359277.32,3317303.16,-0.1544
300,2012/10/22,2320.47,2347.9,2315.9,2341.59,343682.86,3281527.33,0.3911
300,2012/10/23,2340.89,2344.04,2309.25,2312.08,372212.72,3371687.66,-1.2605
300,2012/10/24,2303.4,2321.43,2302.17,2307.78,375424.45,3039237.8,-0.1859
300,2012/10/25,2306.73,2322.92,2288.6,2291.24,443515.31,3318352.87,-0.7167
300,2012/10/26,2291.31,2293.18,2237.06,2247.91,409005.19,3453006.71,-1.8912
300,2012/10/29,2241.8,2248.14,2227.65,2235.85,275813.25,2532865.07,-0.5362
300,2012/10/30,2236.32,2257.95,2231.78,2239.88,340831.25,2951662.85,0.1802
300,2012/10/31,2241.43,2256.1,2233.68,2254.82,371697.95,3063436.02,0.6669
300,2012/11/1,2256.61,2305.63,2256.41,2297.88,507617.29,4560213.82,1.9099
300,2012/11/2,2297.9,2309.67,2284.72,2306.77,398332.88,3489387.58,0.3869
300,2012/11/5,2302.74,2318.23,2290.14,2301.88,395103.72,3366315.28,-0.2122
300,2012/11/6,2301.98,2304.05,2260.51,2292.21,392806.27,3447338.2,-0.4203
300,2012/11/7,2288.76,2300.89,2277.02,2287.51,330674.03,3027844.94,-0.2051
300,2012/11/8,2269.58,2275.4,2245.4,2245.41,354264.75,3041186.48,-1.8404
300,2012/11/9,2241.76,2252.2,2235.23,2240.92,305069.68,2437427.78,-0.1996
300,2012/11/12,2242.96,2254.7,2232.74,2251.85,347216.85,2904082.14,0.4875
300,2012/11/13,2250.84,2250.84,2208.72,2212.44,340837.04,2881845.16,-1.75
300,2012/11/14,2213.09,2225.12,2206,2223.11,267587.9,2359232.35,0.4823
300,2012/11/15,2210.75,2220.99,2193.52,2193.62,283191.51,2377869.49,-1.3264
300,2012/11/16,2189.51,2191.61,2162.98,2177.24,302477.86,2611824.74,-0.7468
300,2012/11/19,2175.18,2176.49,2149.54,2174.99,269786.66,2673722.17,-0.1036
300,2012/11/20,2180.21,2184.33,2163.53,2164.88,239489.16,2299919.62,-0.4646
300,2012/11/21,2165.41,2195.46,2151.38,2194.9,305084.82,2712194.99,1.3865
300,2012/11/22,2181.18,2185.58,2169.66,2177.55,229123.51,2153615.3,-0.7905
300,2012/11/23,2184.41,2202.47,2179.73,2192.68,286674.93,2630763.01,0.6948
300,2012/11/26,2187.24,2191.36,2172.1,2175.6,247426.96,2223149.84,-0.7788
300,2012/11/27,2168.59,2173.46,2150.22,2150.64,319467.46,2614973.52,-1.1473
300,2012/11/28,2142.5,2144.8,2126.03,2129.16,300093.39,2442332.17,-0.9986
300,2012/11/29,2128.8,2140.88,2114.48,2115.68,296706.25,2401625.6,-0.6333
300,2012/11/30,2114.24,2142.86,2109.96,2139.66,364069.11,2855206.62,1.1337
300,2012/12/3,2136.7,2152.61,2108.15,2108.85,401867.62,3417365.36,-1.44
300,2012/12/4,2104.93,2135.66,2102.14,2131.47,362259.15,3173233.69,1.0728
300,2012/12/5,2128.39,2219.09,2126.79,2207.88,824871.03,6910905.05,3.5846
300,2012/12/6,2205.61,2216.98,2191.23,2203.6,485746.89,4275857.02,-0.1937
300,2012/12/7,2203.89,2250.53,2198.11,2246.76,761697.48,6499649.93,1.9584
300,2012/12/10,2254.92,2276.28,2250.44,2271.05,733754.75,6139977.2,1.0811
300,2012/12/11,2263.21,2274.99,2254.3,2258.5,514687.03,4508798.19,-0.5524
300,2012/12/12,2257.73,2273.21,2247.95,2267.77,450064.54,3918253.82,0.4103
300,2012/12/13,2260.6,2266.72,2242.56,2242.64,419421,3666568.49,-1.1082
300,2012/12/14,2245.64,2357.11,2245.64,2355.87,1108925.62,9393474.11,5.049
300,2012/12/17,2359.2,2380,2358.66,2366.7,940881.95,8500082.03,0.4599
300,2012/12/18,2361.1,2398.63,2347.08,2368.12,857848.49,7880283.73,0.06
300,2012/12/19,2362.8,2387.14,2358.03,2371.11,632925.3,6114074.82,0.1262
300,2012/12/20,2361.32,2391.92,2346.55,2384.82,656554.62,6302869.2,0.5781
300,2012/12/21,2386.38,2414.22,2365.03,2372,687141.58,6688770.81,-0.5373
300,2012/12/24,2368.01,2396.73,2367.04,2381.22,530870.04,5412154.13,0.3885
300,2012/12/25,2373.88,2459.3,2365.41,2448.4,955023.5,8987777.04,2.8212
300,2012/12/26,2445.99,2458.01,2441.64,2457.62,715918.28,6840624.21,0.3767
300,2012/12/27,2464.78,2479.79,2443.68,2444.59,732550.67,6932760.38,-0.53
300,2012/12/28,2448.08,2481.59,2444.38,2480.05,671663.21,6605328.82,1.4503
300,2012/12/31,2485.56,2522.95,2485.56,2522.95,820022.93,8114907.96,1.7299
300,2013/1/4,2551.81,2558.53,2498.89,2524.41,979881.82,9557924.5,0.0577
300,2013/1/7,2518.05,2545.97,2511.6,2535.99,751679.93,7316751.25,0.4586
300,2013/1/8,2534.65,2540.51,2502.49,2525.33,718371,7649806.18,-0.4202
300,2013/1/9,2518.1,2534.24,2504.3,2526.13,702311.7,7423359.7,0.0315
300,2013/1/10,2525.59,2553.35,2513.73,2530.57,710858.62,7115904.55,0.1759
300,2013/1/11,2533.5,2539.79,2473.7,2483.23,742391.76,7277592.2,-1.8707
300,2013/1/14,2474.18,2583.63,2474,2577.73,935540.91,9685347.14,3.8053
300,2013/1/15,2579.13,2605.41,2576.92,2595.86,986208.05,10135696.14,0.7034
300,2013/1/16,2591.37,2600.09,2540.52,2577.09,935360.84,9556499.5,-0.7228
300,2013/1/17,2570.71,2575.06,2539.67,2552.76,699152.39,7171611.85,-0.9442
300,2013/1/18,2568.69,2607.45,2553.45,2595.44,779403.03,7743516.35,1.672
300,2013/1/21,2605.65,2611.2,2582.65,2610.9,841337.42,8535744.21,0.5956
300,2013/1/22,2610.39,2620.03,2578.18,2596.9,1057662.75,10226116.04,-0.5362
300,2013/1/23,2588.2,2611.41,2576.36,2607.46,757394.44,7275892.64,0.4066
300,2013/1/24,2606.43,2663.4,2564.21,2582.76,1112771.72,10953768.03,-0.9473
300,2013/1/25,2580.88,2591.51,2567.11,2571.67,584873.59,6068937.4,-0.429
300,2013/1/28,2577.27,2651.97,2577.27,2651.86,912747.9,9817327.57,3.1182
300,2013/1/29,2655.38,2685.53,2646.15,2675.87,1010402.29,10882700.99,0.9051
300,2013/1/30,2678.43,2689.68,2662.06,2688.71,998749.9,10085665.26,0.48
300,2013/1/31,2690.95,2696.88,2671.33,2686.88,967401.01,9447682.06,-0.068
300,2013/2/1,2677.19,2744.32,2671.27,2743.32,1038795.15,11056093.39,2.1007
300,2013/2/4,2753.69,2768.5,2731.08,2748.03,1279391.79,13611958.98,0.1715
300,2013/2/5,2727.93,2779.95,2725.36,2771.68,1161308.19,11270117.16,0.8605
300,2013/2/6,2771.91,2787.46,2765.74,2775.84,827792.71,8898957.81,0.1504
300,2013/2/7,2771.53,2775.97,2722.87,2759.87,899781.42,9597859.56,-0.5755
300,2013/2/8,2755.65,2791.3,2747.95,2771.73,774296.44,8290363.18,0.4295
300,2013/2/18,2784.07,2787.74,2731.51,2737.47,764382.27,8100136.68,-1.2358
300,2013/2/19,2735.05,2740.74,2674.34,2685.61,806264.31,8246080.82,-1.8946
300,2013/2/20,2686.09,2703.1,2665.23,2702.64,700193.77,7363636.07,0.6341
300,2013/2/21,2675.74,2675.74,2584.76,2610.55,1006579.84,10361949.88,-3.4073
300,2013/2/22,2607.65,2618.48,2591.15,2596.6,602048.52,6589910.02,-0.5342
300,2013/2/25,2607.15,2628.7,2590.79,2604.96,531619.42,5561449.33,0.3218
300,2013/2/26,2587.38,2631.09,2564.67,2567.6,800030.65,8337396.06,-1.4344
300,2013/2/27,2576.05,2615.25,2569.38,2594.68,632267.43,6461227.42,1.0548
300,2013/2/28,2611.94,2673.71,2594,2673.33,869225.95,9223537.73,3.0312
300,2013/3/1,2671.84,2680.85,2627,2668.84,733437.53,8034274.77,-0.168
300,2013/3/4,2619.42,2619.57,2528.69,2545.72,1106191.03,11258504.37,-4.6133
300,2013/3/5,2547.89,2623.17,2541.77,2622.81,896611.52,9235713.38,3.0283
300,2013/3/6,2634.87,2658.14,2620.43,2650.2,958296.52,9504889.13,1.0445
300,2013/3/7,2639.78,2658.97,2592.87,2619.48,940826.66,9649809.6,-1.1593
300,2013/3/8,2622.68,2632.62,2601.96,2606.93,594295.57,6305459.24,-0.4792
300,2013/3/11,2600.28,2611.65,2574.17,2592.37,509464.36,5246090.09,-0.5583
300,2013/3/12,2590.39,2619.51,2530.25,2555.62,719351.41,7167512.76,-1.4179
300,2013/3/13,2551.73,2556.77,2515.06,2527.49,564304.6,5600372.36,-1.1007
300,2013/3/14,2517.75,2546.7,2514.46,2534.27,476057.56,4992977.54,0.2685
300,2013/3/15,2533.72,2600.09,2504.46,2539.87,813721.85,8274987.74,0.221
300,2013/3/18,2526.08,2544.62,2499.83,2502.49,598127.78,6309355.67,-1.4717
300,2013/3/19,2507.4,2532.07,2491.85,2525.1,545364.76,5560101.2,0.9033
300,2013/3/20,2526.97,2610.17,2526.83,2610.17,907006.22,9127102.22,3.3693
300,2013/3/21,2611.58,2626.54,2598.51,2614.99,695527.56,7164266.55,0.1844
300,2013/3/22,2612.26,2625.53,2603.34,2618.31,556471.41,5588214.24,0.127
300,2013/3/25,2628.41,2641.61,2607.61,2613.1,562614.02,5800493.09,-0.199
300,2013/3/26,2601.96,2607.36,2554.97,2575.05,639629.61,6530657.16,-1.456
300,2013/3/27,2575.73,2611.94,2566.35,2583.53,569065.17,5865224.63,0.3293
300,2013/3/28,2535.99,2535.99,2495.08,2499.3,875784.05,8472589.91,-3.2602
300,2013/3/29,2502.78,2509.11,2482.49,2495.08,524021.37,5205554.05,-0.1688
300,2013/4/1,2486.43,2507.83,2483.73,2493.19,473460.22,4715982.06,-0.076
300,2013/4/2,2495.84,2524.46,2475,2486.39,556841.52,5563739.17,-0.2726
300,2013/4/3,2493.88,2507.14,2474.93,2483.55,455642.21,4515671.94,-0.1144
300,2013/4/8,2443.24,2473.31,2429.5,2472.3,532967.72,5524929.77,-0.4529
300,2013/4/9,2477.29,2505.29,2477.29,2489.43,523898.24,5494703.56,0.6929
300,2013/4/10,2487.98,2495.57,2466.19,2485.31,475049.13,5196382.06,-0.1655
300,2013/4/11,2502.5,2508.59,2476.4,2477.88,429899.58,4303994.94,-0.2991
300,2013/4/12,2476.32,2489.12,2460.18,2462.11,399172.78,4042804.78,-0.6362
300,2013/4/15,2453.97,2461.67,2430.15,2436.82,465397.34,4408484.33,-1.0273
300,2013/4/16,2419.51,2461.05,2416.62,2459.59,552806.13,5378325.52,0.9346
300,2013/4/17,2457.88,2465.2,2437.35,2458.47,446921.64,4680083.19,-0.0455
300,2013/4/18,2440.71,2478.41,2434.73,2464.85,428607.07,4627013.72,0.2594
300,2013/4/19,2469.95,2542.45,2469.32,2533.83,755208.76,7672367.53,2.7984
300,2013/4/22,2525.11,2539.05,2518.26,2530.67,625118.83,6302702.41,-0.1246
300,2013/4/23,2532.2,2532.2,2448.2,2449.47,606539.82,6157615.79,-3.2086
300,2013/4/24,2452.78,2511.2,2446.59,2495.58,630509.16,6218942.17,1.8824
300,2013/4/25,2486.86,2505.48,2456.57,2467.88,605579.27,5989128.45,-1.1101
300,2013/4/26,2477.72,2488.59,2439.8,2447.31,471233.78,4635198.67,-0.8335
300,2013/5/2,2434.6,2453.75,2423.08,2449.64,470160.88,4720044.82,0.0953
300,2013/5/3,2457.54,2521.12,2457.54,2492.91,623300.91,6326704.27,1.7665
300,2013/5/6,2502.98,2533.86,2500.46,2525.98,604187.8,6176795.11,1.3266
300,2013/5/7,2519.36,2539.3,2507.76,2529.94,544906.43,5924494.95,0.1566
300,2013/5/8,2542.27,2562.01,2531.25,2542.8,595542.94,6030914.88,0.5083
300,2013/5/9,2542.37,2543.31,2507.79,2527.79,602401.45,6443829.26,-0.5901
300,2013/5/10,2519.52,2546.98,2515.16,2540.84,488167.28,5089668.92,0.5159
300,2013/5/13,2542.41,2547.6,2516.73,2530.77,540921.47,5515509.32,-0.3962
300,2013/5/14,2526,2526.15,2479.87,2493.34,548800.64,5614457.35,-1.479
300,2013/5/15,2493.97,2507.43,2491.93,2506.93,441896.6,4757858.56,0.5449
300,2013/5/16,2501.12,2553.06,2487.76,2552.71,707961.82,7683043.63,1.8263
300,2013/5/17,2550.45,2598.71,2547.78,2592.05,818508.01,8359936.79,1.5411
300,2013/5/20,2597.15,2627.62,2590.05,2609.61,863378.03,9405941.58,0.6774
300,2013/5/21,2607.39,2617.4,2594.25,2614.85,715059.94,7583781.38,0.201
300,2013/5/22,2613.41,2630.07,2603.75,2618.03,741918.17,7822412.64,0.1217
300,2013/5/23,2604.93,2624.08,2579.35,2582.85,848253.7,8135990.82,-1.3439
300,2013/5/24,2591.42,2608.35,2572.88,2597.23,607396.69,6283123.51,0.5567
300,2013/5/27,2593.52,2611.97,2589.74,2599.59,641950.8,6670165.28,0.0908
300,2013/5/28,2600.63,2644.36,2585.9,2644.36,841961.12,8675673.68,1.7223
300,2013/5/29,2648.93,2661.23,2640.88,2642.56,792777.09,8195385.32,-0.068
300,2013/5/30,2633.96,2647.44,2623.58,2634.32,701463.68,7104506.59,-0.3117
300,2013/5/31,2638.71,2645.57,2604.75,2606.43,625285.33,6590443.37,-1.059
300,2013/6/3,2605.97,2625.94,2596.05,2602.62,597744.68,6300870.52,-0.1459
300,2013/6/4,2600.5,2600.5,2556.06,2565.67,663157.5,6313942,-1.42
300,2013/6/5,2565.33,2570.03,2545.19,2560.54,456371.93,4736705.78,-0.1998
300,2013/6/6,2552.82,2557.68,2525.31,2527.85,524965.29,5444811.34,-1.2768
300,2013/6/7,2526.91,2538.89,2475.69,2484.16,610308.94,6136617.37,-1.7282
300,2013/6/13,2448.72,2448.72,2375.2,2399.94,697300.66,6408159.81,-3.3904
300,2013/6/14,2404.42,2420.36,2396.49,2416.77,559645.34,5368677.93,0.7014
300,2013/6/17,2422.76,2427.53,2394.39,2403.84,503957.11,5198375.75,-0.5351
300,2013/6/18,2413.09,2424.2,2393.32,2418.75,486303.79,4879209.05,0.6201
300,2013/6/19,2408.28,2408.28,2366.35,2400.77,543462.6,5297999.11,-0.7434
300,2013/6/20,2386.1,2386.1,2320.23,2321.47,552010.2,5217173.51,-3.3031
300,2013/6/21,2283.15,2332.84,2269.57,2317.39,587057.98,5348613.3,-0.1754
300,2013/6/24,2308.07,2308.07,2164.33,2171.21,865972.59,7373193.05,-6.3081
300,2013/6/25,2146.05,2169.21,2023.17,2165.42,1075548.82,8709039.4,-0.2666
300,2013/6/26,2170.33,2181.02,2131.86,2168.3,792564.26,6729843.02,0.1328
300,2013/6/27,2172.85,2200.21,2153.18,2160.74,754067.53,6292708.24,-0.3488
300,2013/6/28,2149.03,2227.46,2139.37,2200.64,794513.27,6410604.87,1.8468
300,2013/7/1,2187.09,2213.97,2166.35,2213.32,577262.27,5187473.52,0.5761
300,2013/7/2,2211.8,2226.11,2191.8,2221.98,618388.5,5963290.2,0.3916
300,2013/7/3,2211.04,2211.04,2169.14,2203.83,658360.22,5953676.02,-0.8171
300,2013/7/4,2187.18,2245.91,2176.08,2221.98,725811.45,6718937.92,0.8236
300,2013/7/5,2227.35,2252.03,2225.05,2226.85,618217.75,5842440.06,0.2192
300,2013/7/8,2194.42,2205.21,2162.19,2163.62,547824.93,4928825.2,-2.8394
300,2013/7/9,2160.7,2174.79,2149.79,2162.67,414944.33,3724618.99,-0.0439
300,2013/7/10,2163.1,2224.14,2157.47,2224.07,611497.81,5437375.78,2.8389
300,2013/7/11,2232.16,2351.22,2232.16,2326.69,1257931.92,11132981.28,4.6142
300,2013/7/12,2319.02,2331.99,2274.07,2275.37,897330.82,8206455.57,-2.2055
300,2013/7/15,2289.76,2336.04,2274.67,2307.3,747578.84,7179618.97,1.403
300,2013/7/16,2300.83,2317.85,2281.94,2317.85,656241.57,6208563.19,0.4573
300,2013/7/17,2311.44,2326.93,2281.61,2282.84,676552.48,6322906.17,-1.5105
300,2013/7/18,2272.95,2282.44,2241.93,2245.33,571442.92,5193723.51,-1.643
300,2013/7/19,2248.13,2257.92,2188.75,2190.48,705352.82,6617907.27,-2.4429
300,2013/7/22,2170.09,2203.06,2159.81,2202.19,532834.95,4887294.73,0.5346
300,2013/7/23,2211.59,2276.74,2206.76,2265.85,748097.31,6925542.31,2.8906
300,2013/7/24,2253.38,2265.58,2217.19,2249.15,695923.07,6927982.58,-0.7368
300,2013/7/25,2255.22,2268.84,2227.85,2237.68,657743.16,6055836.28,-0.5099
300,2013/7/26,2226.43,2238.42,2209.81,2224.01,489410.98,4563606.99,-0.6111
300,2013/7/29,2205.08,2205.08,2169.02,2175.97,546009.25,4962461.34,-2.16
300,2013/7/30,2184.01,2221.59,2162.98,2189.39,551936.23,5090722.73,0.6166
300,2013/7/31,2211.75,2235.38,2187.21,2193.02,483270.55,4672349.34,0.1659
300,2013/8/1,2206,2245.56,2200.63,2245.36,626039.97,5894476.57,2.3868
300,2013/8/2,2263.5,2274.71,2244.25,2247.26,608908.93,5845999.95,0.0846
300,2013/8/5,2249.98,2278.33,2243.22,2278.33,553421.51,5362306.86,1.3824
300,2013/8/6,2270.67,2302.48,2256.72,2293.64,737468.95,6899357.48,0.6721
300,2013/8/7,2292.38,2313.88,2276.86,2280.62,730486.95,6956048.21,-0.5676
300,2013/8/8,2277.25,2297.63,2267.07,2276.78,530984.3,5271027.67,-0.1684
300,2013/8/9,2288.51,2301.59,2258.33,2286.01,646000.17,6266397.91,0.4053
300,2013/8/12,2296.22,2352.89,2293.18,2352.79,978632.16,9403891.03,2.9214
300,2013/8/13,2352.88,2360.83,2340.73,2359.07,783936.36,7117852.02,0.2667
300,2013/8/14,2362.62,2386.6,2340.83,2349.08,759421.28,7133821.96,-0.4234
300,2013/8/15,2348.84,2362.09,2319.78,2321.58,619518.53,5941120.36,-1.1708
300,2013/8/16,2314.26,2423.08,2295.02,2304.14,1203695.63,10402677.34,-0.7509
300,2013/8/19,2286.2,2340.19,2284.08,2331.43,724832.24,6706492.54,1.1842
300,2013/8/20,2325.86,2353.41,2303.67,2312.47,730863.45,6758970.72,-0.8134
300,2013/8/21,2320.58,2321.64,2291.05,2308.59,550073.84,5088649.55,-0.1676
300,2013/8/22,2302.67,2329.14,2297.02,2303.93,553381.04,5168631.06,-0.2017
300,2013/8/23,2314.87,2321.04,2251.92,2286.93,689671.33,6545984.53,-0.738
300,2013/8/26,2294.76,2336.38,2288.5,2335.62,703710.43,6654100.99,2.1289
300,2013/8/27,2332.8,2345.11,2322.46,2340.88,659903.33,6257537.76,0.2254
300,2013/8/28,2326.1,2345.36,2307.04,2328.06,892561.74,8096556.24,-0.5479
300,2013/8/29,2338.56,2342.32,2308.15,2318.31,660854.15,5971988.24,-0.4186
300,2013/8/30,2315.91,2334.41,2303.61,2313.91,876545.15,7669599.47,-0.1898
300,2013/9/2,2319.96,2329.87,2297.45,2320.34,795102.49,7357586.93,0.2781
300,2013/9/3,2326.23,2354.86,2321.3,2354.5,805540.05,7266397.87,1.4721
300,2013/9/4,2352.54,2360.66,2345.44,2350.7,787257.63,6850901.38,-0.1615
300,2013/9/5,2350.93,2351.22,2336.75,2341.74,629513.83,5960606.52,-0.3813
300,2013/9/6,2336.77,2361.18,2335.93,2357.78,733401.16,6391689.36,0.6853
300,2013/9/9,2374.26,2449.25,2372.69,2440.61,1498896.4,12729954.62,3.5129
300,2013/9/10,2446.45,2475.2,2435.83,2474.89,1548559.92,13064812.94,1.4048
300,2013/9/11,2483.79,2504.47,2471.62,2482.89,1669149.74,14283028.85,0.323
300,2013/9/12,2480.47,2527.38,2469.72,2507.46,1451731.75,12611552.83,0.9894
300,2013/9/13,2502.54,2515.78,2481.45,2488.9,1107750.49,9827500.49,-0.7399
300,2013/9/16,2501.08,2503.69,2467.13,2478.39,1053832.82,9704384.23,-0.4224
300,2013/9/17,2480.81,2481.71,2426.46,2427.32,994599.82,9311510.79,-2.0605
300,2013/9/18,2426.04,2439.63,2407.24,2432.51,710407.59,6934132.46,0.2137
300,2013/9/23,2441.52,2473.16,2439.99,2472.29,801283.52,8092068.79,1.6353
300,2013/9/24,2470.72,2470.75,2420.09,2443.89,978530.13,9676983.14,-1.1489
300,2013/9/25,2440.84,2455.04,2423.28,2429.03,905184.18,8911921.67,-0.6078
300,2013/9/26,2422.63,2422.63,2382.54,2384.44,862367.7,8418392.32,-1.8356
300,2013/9/27,2382.22,2402.2,2379.86,2394.97,659715.08,6638399.02,0.4415
300,2013/9/30,2406.21,2415.08,2397.22,2409.04,595139.92,6099014.19,0.5873
300,2013/10/8,2406.42,2446.7,2392.57,2441.81,847855.06,8422990.89,1.3605
300,2013/10/9,2432.94,2453.75,2424.77,2453.58,762776.45,7612834.09,0.4821
300,2013/10/10,2455.64,2455.98,2422.02,2429.32,903297.06,8946802.03,-0.989
300,2013/10/11,2442.36,2471.17,2439.63,2468.51,933882.61,9181154.17,1.6133
300,2013/10/14,2472.27,2483.13,2462.55,2472.54,1000813.01,9910915.59,0.1634
300,2013/10/15,2475.32,2479.13,2449.42,2467.52,891734.96,8610082.2,-0.2032
300,2013/10/16,2459.08,2459.08,2409.72,2421.37,889798.34,8315084.5,-1.8701
300,2013/10/17,2432.65,2440.92,2407.78,2413.33,712224.74,6772289.24,-0.3321
300,2013/10/18,2415.12,2435.71,2410.6,2426.05,602916.3,5913875.44,0.5272
300,2013/10/21,2431.92,2472.79,2423.56,2471.32,849097.95,8222314.48,1.8659
300,2013/10/22,2470.26,2470.26,2439.86,2445.89,907030.29,8341205.39,-1.029
300,2013/10/23,2451.56,2474.37,2412.48,2418.49,915453.55,8328677.86,-1.1202
300,2013/10/24,2412.24,2422.94,2395.47,2400.51,645608.21,6042723.6,-0.7434
300,2013/10/25,2400.52,2413.33,2353.99,2368.56,770701.82,7077809.48,-1.331
300,2013/10/28,2372.57,2377.25,2351.86,2365.95,628761.52,5660209.84,-0.11
300,2013/10/29,2369.22,2408.62,2327.9,2372.05,1067378.33,9174155.96,0.2578
300,2013/10/30,2371.85,2407.85,2365.51,2407.47,921781.26,7573506.72,1.4931
300,2013/10/31,2398.4,2398.4,2370.23,2373.72,827369.64,7039387.98,-1.402
300,2013/11/1,2373.96,2395.01,2365.15,2384.96,630557.62,5782002.67,0.4736
300,2013/11/4,2397.21,2404.9,2376.36,2380.45,517984.61,4895946.2,-0.1889
300,2013/11/5,2366.88,2385.69,2343.8,2383.77,620844.88,5693554.99,0.1393
300,2013/11/6,2371.32,2383.54,2352.79,2353.57,637766.63,5953687.28,-1.2669
300,2013/11/7,2351.87,2356.67,2328.25,2340.55,548217.47,5094256.96,-0.553
300,2013/11/8,2329.08,2342.67,2306.04,2307.95,537885.08,4856499.99,-1.3931
300,2013/11/11,2305.94,2325.23,2295,2315.89,457394.57,4256654.82,0.3442
300,2013/11/12,2319.36,2342.53,2316.6,2340,526875.45,4985476.34,1.0411
300,2013/11/13,2325.36,2325.56,2287.55,2288.12,598488.31,5318305.01,-2.2173
300,2013/11/14,2291.27,2305.7,2279.01,2304.5,573103.56,5194507.78,0.7161
300,2013/11/15,2306.55,2377.21,2306.55,2350.73,863917.71,8314785.84,2.0062
300,2013/11/18,2367.88,2429.57,2361.04,2428.9,1100346.33,10854951.3,3.3253
300,2013/11/19,2427.93,2427.93,2405.08,2412.16,786482.96,7988493.63,-0.6892
300,2013/11/20,2428.77,2435.43,2406.42,2424.85,722918.01,6774142.82,0.526
300,2013/11/21,2412.45,2415.38,2382.88,2409.99,877066.77,8222052.7,-0.6129
300,2013/11/22,2415.29,2419,2393.58,2397.96,750006.75,7005220.66,-0.499
300,2013/11/25,2385.78,2418.85,2380.69,2388.63,661447.34,6381126.5,-0.3892
300,2013/11/26,2387.83,2399.02,2380.41,2387.42,591858.64,5333420.44,-0.0508
300,2013/11/27,2386.36,2422.81,2383.78,2414.48,752940.88,7074477.54,1.1337
300,2013/11/28,2419.15,2460.56,2417.24,2439.53,906604.06,8685244.54,1.0374
300,2013/11/29,2442.68,2446.4,2432.39,2438.94,618037.46,6190737.42,-0.024
300,2013/12/2,2423.97,2464.86,2397.01,2418.79,1196551.23,11292184.11,-0.8264
300,2013/12/3,2410.69,2448.33,2406.66,2442.78,744557.52,7204523.42,0.9921
300,2013/12/4,2439.82,2486.64,2434.69,2475.14,1026502.35,9478393.13,1.3243
300,2013/12/5,2476.45,2481.75,2460.58,2468.2,777089.32,7299993.11,-0.2803
300,2013/12/6,2463.04,2470.81,2445.62,2452.29,661140.89,6484320.79,-0.6446
300,2013/12/9,2460.03,2468.95,2445.94,2450.87,571648.84,5763453.91,-0.0577
300,2013/12/10,2456.23,2466.66,2444.53,2453.32,669414.24,6123672.88,0.1
300,2013/12/11,2440.5,2440.5,2400.74,2412.76,680751.44,6280885.1,-1.6532
300,2013/12/12,2406.77,2423.31,2402.77,2410.02,501477.19,4748144.73,-0.1139
300,2013/12/13,2388.66,2416.26,2386.25,2406.64,515011.96,4758352.77,-0.1401
300,2013/12/16,2408.68,2412.73,2367.43,2367.92,645816.74,6210789.36,-1.6087
300,2013/12/17,2369.26,2373.29,2351.18,2356.38,484838.91,4630607.56,-0.4876
300,2013/12/18,2356.7,2368.58,2350.45,2357.23,400152.07,3967526.98,0.0361
300,2013/12/19,2366.21,2370.99,2331.19,2332.41,480956.8,4514886.69,-1.0528
300,2013/12/20,2335.05,2338.88,2278.1,2278.14,652042.07,6086212.95,-2.3269
300,2013/12/23,2283.8,2295.77,2259.58,2284.6,455802.85,4441534.3,0.2838
300,2013/12/24,2291.13,2312.83,2270.25,2288.25,455991.68,4517319.14,0.1596
300,2013/12/25,2291.75,2305.61,2281.6,2305.11,440053.26,4120298.42,0.7369
300,2013/12/26,2299.97,2301.49,2263.92,2265.33,514975.63,4860301.37,-1.7256
300,2013/12/27,2268.54,2315.18,2264.39,2303.48,533891.57,5119794.64,1.6838
300,2013/12/30,2313.38,2316.62,2295.64,2299.46,484143.08,4615644.27,-0.1745
300,2013/12/31,2289.01,2333.07,2287.12,2330.03,566310.7,5702648.62,1.3294
300,2014/1/2,2323.43,2325.99,2310.65,2321.98,451942.91,4901221.11,-0.3454
300,2014/1/3,2311.97,2314.84,2280.89,2290.78,597826.45,5773970.99,-1.3436
300,2014/1/6,2286.37,2286.37,2229.33,2238.64,663004.03,5997936.01,-2.2762
300,2014/1/7,2222.31,2246.79,2218.65,2238,437531.03,4256564.81,-0.0284
300,2014/1/8,2240.64,2262.58,2228.42,2241.91,513488.54,5069148.89,0.1747
300,2014/1/9,2236.97,2258.89,2220.8,2222.22,559870.41,5439949.13,-0.8783
300,2014/1/10,2216.52,2224.49,2200.22,2204.85,541692.93,4757230.95,-0.7817
300,2014/1/13,2207,2222.07,2183.6,2193.68,501227.72,4612300.38,-0.5067
300,2014/1/14,2192.84,2214.12,2179.91,2212.85,540499.47,4678509.99,0.8737
300,2014/1/15,2210.02,2215.9,2193.8,2208.94,489623.95,4575591.43,-0.1765
300,2014/1/16,2209.45,2227.26,2201.56,2211.84,522989.02,4984278.4,0.1314
300,2014/1/17,2203.82,2205.97,2175.88,2178.49,502731.55,4626815.92,-1.5081
300,2014/1/20,2173.65,2182.46,2156.46,2165.99,405601.54,3915722.75,-0.5736
300,2014/1/21,2168.42,2197.92,2168.42,2187.41,403062.47,3859099.28,0.9888
300,2014/1/22,2190.43,2244.13,2187.53,2243.8,706413.75,6480335.71,2.5778
300,2014/1/23,2242.25,2248.92,2228.06,2231.89,563459.51,5572641.74,-0.5307
300,2014/1/24,2225.76,2257.36,2222.89,2245.68,611676.7,5956344.49,0.6178
300,2014/1/27,2233.02,2233.23,2211.8,2215.92,703442.46,6350399.25,-1.3252
300,2014/1/28,2220.79,2233.26,2205.97,2219.86,532691.3,4940875.46,0.1776
300,2014/1/29,2225.71,2233.06,2219.93,2227.78,502227.17,4878868.28,0.3571
300,2014/1/30,2223.16,2223.16,2200.22,2202.45,436323.04,4347596.08,-1.1371
300,2014/2/7,2187.34,2212.5,2177.12,2212.48,504593.15,4959710.64,0.4555
300,2014/2/10,2221.54,2270.19,2221.54,2267.53,830657.16,8110324.41,2.4882
300,2014/2/11,2267.74,2296.52,2262.6,2285.56,992298.29,9268896.91,0.795
300,2014/2/12,2286.19,2294.32,2276.44,2291.25,765921.61,7348737.97,0.2487
300,2014/2/13,2288.45,2307.47,2278.26,2279.55,962177.89,8735212.43,-0.5103
300,2014/2/14,2278.4,2295.85,2274.43,2295.58,670829.97,6461332.77,0.7028
300,2014/2/17,2308.79,2315.58,2293.55,2311.65,878316.66,8687135.26,0.7001
300,2014/2/18,2310.31,2310.31,2276.11,2282.44,870497.43,8810726.8,-1.2634
300,2014/2/19,2280.93,2317.42,2274.15,2308.66,993525.61,8834190.04,1.1485
300,2014/2/20,2314.09,2331.7,2286.2,2287.44,1064395.33,9177159.57,-0.9191
300,2014/2/21,2284.03,2287.87,2250.65,2264.29,763689.93,6990818.87,-1.0117
300,2014/2/24,2246.72,2246.72,2194.16,2214.51,892159.39,7959914.64,-2.1987
300,2014/2/25,2216.52,2225.21,2150.1,2157.91,932375.51,8830657.17,-2.5559
300,2014/2/26,2147.74,2164.7,2137.08,2163.41,779932.97,6864058.11,0.2547
300,2014/2/27,2170.81,2180.06,2150.14,2154.11,901042.96,8158799.97,-0.4297
300,2014/2/28,2149.45,2180.47,2133.55,2178.97,766680.57,7021679.9,1.1542
300,2014/3/3,2173.91,2194.22,2167.91,2190.37,820723.14,6940873.99,0.5231
300,2014/3/4,2183.86,2188.6,2161.59,2184.27,730692.5,6469143.8,-0.2784
300,2014/3/5,2187.35,2189.09,2159.6,2163.98,613320.15,5566967.94,-0.9292
300,2014/3/6,2159.4,2181.43,2136.45,2173.63,690937.67,6149502.37,0.4463
300,2014/3/7,2170.04,2189.39,2161.44,2168.36,642651.77,5869317.8,-0.2427
300,2014/3/10,2149.68,2149.68,2095.07,2097.79,714164.07,6308641.26,-3.2546
300,2014/3/11,2092.61,2118.79,2088.73,2108.66,576212.43,5307578.25,0.5184
300,2014/3/12,2102.8,2130.59,2090.76,2114.13,700697.47,6011523.92,0.2595
300,2014/3/13,2119.55,2149.44,2115.99,2140.33,692260.28,5916309.44,1.2392
300,2014/3/14,2129.87,2140.38,2109.58,2122.84,586177.37,4980524.75,-0.8175
300,2014/3/17,2132.79,2143.2,2118.95,2143.04,524094.45,4757128.87,0.9517
300,2014/3/18,2146.12,2152.46,2134.92,2138.13,553541.32,5418844.14,-0.2289
300,2014/3/19,2131.28,2131.28,2101.29,2120.87,593039.05,5528394.4,-0.8074
300,2014/3/20,2116.19,2134.79,2086.5,2086.97,676312.85,5895160.2,-1.5985
300,2014/3/21,2079.87,2163.23,2077.76,2158.8,1040248.07,8356051.18,3.4419
300,2014/3/24,2161.9,2186.73,2150.87,2176.55,1044919.84,8120391.37,0.8225
300,2014/3/25,2170.78,2191.49,2164.67,2174.44,868775.1,6754847.36,-0.0971
300,2014/3/26,2181.23,2186.08,2165.22,2171.05,582761.76,5011602.31,-0.156
300,2014/3/27,2168.34,2186.89,2146.92,2155.71,712751.32,6217586.04,-0.7066
300,2014/3/28,2154.52,2172.67,2144.58,2151.97,700860.73,6012334.11,-0.1736
300,2014/3/31,2156.05,2165.25,2134.42,2146.31,554574.88,4810502.01,-0.263
300,2014/4/1,2143.72,2170.1,2141.15,2163.12,488664.03,4365906.43,0.7832
300,2014/4/2,2166.07,2182.68,2164.01,2180.73,650392.57,5677715.19,0.8142
300,2014/4/3,2188.64,2196.14,2160.75,2165.01,715360.32,5770885.97,-0.7208
300,2014/4/4,2157.98,2186.15,2155.28,2185.47,479458.88,4391262.43,0.9452
300,2014/4/8,2179.92,2243.97,2178.91,2237.32,972191.17,8569289.34,2.3722
300,2014/4/9,2239.79,2246.79,2228.99,2238.62,663572.68,6117863.04,0.0583
300,2014/4/10,2241.45,2290.74,2229.52,2273.76,1145454.05,10161681.5,1.5698
300,2014/4/11,2269.57,2281.11,2261.13,2270.67,906158.97,8615485.38,-0.1361
300,2014/4/14,2267.94,2275.83,2255.46,2268.61,622649.98,6025415.15,-0.0904
300,2014/4/15,2261.41,2261.47,2225.69,2229.46,682181.3,6259911.56,-1.7257
300,2014/4/16,2223.47,2245.32,2221.15,2232.53,516780.1,4777021.82,0.1374
300,2014/4/17,2238.78,2241.62,2221.95,2224.8,483336.28,4509643.37,-0.3459
300,2014/4/18,2215.88,2228.77,2203.05,2224.48,507579.95,4570961.71,-0.0146
300,2014/4/21,2209.94,2231.71,2186.76,2187.25,562782.8,5185611.28,-1.6737
300,2014/4/22,2184.02,2196.85,2165.08,2196.8,570946.94,5235199.31,0.4365
300,2014/4/23,2191.23,2205.59,2187.39,2194.67,477635.31,4519115.08,-0.0968
300,2014/4/24,2192.77,2209.45,2186.76,2190.47,450589.11,4192701.29,-0.1911
300,2014/4/25,2195.82,2201.71,2167.64,2167.83,602453.83,5209202.24,-1.0339
300,2014/4/28,2165.77,2171.39,2132.7,2134.97,604851.87,4999880.98,-1.5157
300,2014/4/29,2134.41,2159.38,2131.78,2158.47,482049.31,4155035.32,1.1008
300,2014/4/30,2158.76,2164.18,2153.12,2158.66,453346.24,3949302.23,0.0088
300,2014/5/5,2152.59,2161.7,2131.23,2156.47,493440.73,4147044.98,-0.1014
300,2014/5/6,2151.39,2173.62,2150.11,2157.33,480865.19,4148645.16,0.0398
300,2014/5/7,2151.47,2153.72,2136.99,2137.32,446074.7,3775101.97,-0.9276
300,2014/5/8,2132.04,2168.21,2128.32,2135.5,483324.52,4072977.2,-0.0852
300,2014/5/9,2138.84,2141.56,2120.6,2133.91,491811.35,4024274.53,-0.0742
300,2014/5/12,2150.31,2184.33,2139.48,2180.05,834725.6,6627550.86,2.1624
300,2014/5/13,2180.06,2185.05,2167.77,2174.85,649125.18,5024127.61,-0.2386
300,2014/5/14,2175.09,2184.22,2169,2172.37,485142.06,3921412.39,-0.114
300,2014/5/15,2169.28,2171.45,2142.34,2144.08,467340.32,3893852.92,-1.3022
300,2014/5/16,2143.93,2150.5,2132.19,2145.95,422531.97,3498758.68,0.0871
300,2014/5/19,2139.36,2139.36,2105.71,2115.14,428936.07,3713595.06,-1.4357
300,2014/5/20,2124.71,2131.57,2110.72,2115.77,372996.83,3157633.9,0.0297
300,2014/5/21,2106.76,2136.1,2096.51,2135.91,389460.42,3224680.8,0.9516
300,2014/5/22,2134.09,2160.91,2128.86,2130.87,462527.36,3922754.97,-0.2358
300,2014/5/23,2130.78,2148.58,2128.66,2148.41,376231.05,3242002.02,0.8234
300,2014/5/26,2161.89,2165.42,2147.45,2155.98,395506.56,3778848.27,0.352
300,2014/5/27,2154.4,2160.03,2145.75,2147.28,358971.71,3237425.65,-0.4033
300,2014/5/28,2147.47,2171.17,2142.01,2169.35,500562.6,4562761.94,1.0279
300,2014/5/29,2171.26,2178.09,2154.93,2155.16,448915.56,4107691.27,-0.654
300,2014/5/30,2156.38,2166.91,2146.22,2156.46,439238.63,3976919.98,0.0603
300,2014/6/3,2157.64,2169,2149.29,2149.92,419829.54,3790622.61,-0.3036
300,2014/6/4,2149.41,2149.45,2117.31,2128.27,418172.49,3560702.28,-1.0067
300,2014/6/5,2126.61,2150.93,2123.52,2150.6,364774.24,3305077.47,1.0491
300,2014/6/6,2149.21,2149.78,2123.98,2134.72,357380.58,3241559.95,-0.7387
300,2014/6/9,2128.23,2153.9,2126.67,2134.28,393110.6,3532673.21,-0.0204
300,2014/6/10,2138.67,2161.53,2132.45,2161.27,505079.02,4441614.12,1.2645
300,2014/6/11,2156.15,2163.61,2152.08,2160.77,425637.18,3731108.07,-0.0232
300,2014/6/12,2156.76,2160.99,2148.41,2153.41,430258.43,3725204.17,-0.3404
300,2014/6/13,2150.99,2183.65,2150.57,2176.24,592528.76,5176551.15,1.0603
300,2014/6/16,2176.44,2196.34,2174.28,2191.86,632968.75,5690429.84,0.7174
300,2014/6/17,2185.68,2185.68,2168.45,2169.67,499336.65,4624497.78,-1.012
300,2014/6/18,2169.25,2172.55,2158.5,2160.24,494638.97,4253809.55,-0.4349
300,2014/6/19,2161.43,2166.41,2119.5,2126.91,531626.45,4602974.49,-1.543
300,2014/6/20,2124.96,2137.03,2120.81,2136.73,423937.19,3542571.29,0.4618
300,2014/6/23,2137.93,2147.23,2132.45,2134.11,411792.58,3711242.88,-0.1226
300,2014/6/24,2131.69,2145.21,2130.29,2144.82,401643.56,3877850.53,0.5019
300,2014/6/25,2141.73,2141.73,2126.04,2133.37,376661,3380931.55,-0.5338
300,2014/6/26,2135.16,2151.11,2134.89,2149.08,443511.66,4060183.66,0.7362
300,2014/6/27,2146.37,2159.53,2138.93,2150.26,527228.96,4552567.39,0.055
300,2014/6/30,2152.31,2168.22,2152.31,2165.12,543041.88,5027757.08,0.6911
300,2014/7/1,2169.2,2171.15,2157.13,2164.56,533231,4993628.43,-0.0258
300,2014/7/2,2164,2171.51,2155.61,2170.87,596855.01,5327365.89,0.2914
300,2014/7/3,2169,2184.96,2164.84,2180.19,636906.9,5602493.93,0.4296
300,2014/7/4,2180.45,2183.8,2174.07,2178.7,528511.06,4799003.34,-0.0687
300,2014/7/7,2178.55,2186.2,2171.08,2176.29,502423.34,4766387.69,-0.1104
300,2014/7/8,2174.83,2180.78,2163.36,2180.47,507435.99,4601726.69,0.1923
300,2014/7/9,2178.14,2178.51,2148.26,2148.71,620220.46,5898024.84,-1.4567
300,2014/7/10,2146.6,2151.77,2139.52,2142.85,557324.97,5093166.89,-0.2729
300,2014/7/11,2136.32,2154.74,2134.8,2148.01,613742.74,5155182.56,0.2409
300,2014/7/14,2149.54,2171.9,2145.28,2171.76,661588.63,6046708.89,1.1056
300,2014/7/15,2170.09,2176.27,2165.21,2174.98,718156.94,6430487.51,0.1482
300,2014/7/16,2172.82,2183.25,2166.77,2170.87,815602.3,6112605.45,-0.1889
300,2014/7/17,2166.83,2166.93,2147.08,2157.07,594535.68,4635464.63,-0.6357
300,2014/7/18,2147.66,2176.33,2145.45,2164.14,654732.95,5375891.91,0.328
300,2014/7/21,2164.22,2171.94,2158.96,2166.3,541722.6,4773162.96,0.0994
300,2014/7/22,2162.44,2197.59,2162.24,2192.7,785425.83,6680611.44,1.2188
300,2014/7/23,2191.39,2210.28,2190.56,2197.83,842138.72,6917799.81,0.2342
300,2014/7/24,2199.83,2239.82,2199.83,2237.02,1194355.34,9996436.76,1.7828
300,2014/7/25,2243.07,2260.89,2239.07,2260.45,989728.38,8199456.01,1.0478
300,2014/7/28,2272.38,2331.47,2272.38,2323.9,1798693.33,14527742.43,2.8066
300,2014/7/29,2326.04,2342.77,2316.22,2331.37,1342696.41,11217654.63,0.3215
300,2014/7/30,2324.69,2339.04,2316.06,2322.01,1230228.32,10336230.89,-0.4014
300,2014/7/31,2321.97,2350.55,2316.59,2350.25,1109877.69,9313556.7,1.2162
300,2014/8/1,2341.23,2371.5,2328.97,2329.4,1263173.9,10612519.03,-0.8871
300,2014/8/4,2336.63,2375.62,2332.14,2375.62,1167137.54,10130188.83,1.9841
300,2014/8/5,2376.8,2380.77,2353.8,2369.35,1118617.89,9790697.12,-0.2638
300,2014/8/6,2358.21,2371.67,2334.33,2363.22,1163418.29,9668129.87,-0.2588
300,2014/8/7,2363.61,2369.2,2326.27,2327.46,1167292.1,9425445.4,-1.5134
300,2014/8/8,2329.18,2339.27,2319.29,2331.13,867396.94,7260566.61,0.158
300,2014/8/11,2338.01,2367,2337.01,2365.35,916011.71,8297390.04,1.4677
300,2014/8/12,2361.17,2361.17,2344.72,2357.05,918226.08,8297376.96,-0.3508
300,2014/8/13,2358.46,2370.51,2335.69,2358.9,1104477.89,9418526.65,0.0784
300,2014/8/14,2357.2,2363.18,2334.08,2335.95,979694.93,8425143.59,-0.9732
300,2014/8/15,2337.99,2366.9,2333.12,2360.64,935925.46,8188821.7,1.057
300,2014/8/18,2366.27,2379.8,2361.2,2374.56,1045095.54,9014890.99,0.59
300,2014/8/19,2378.89,2379.47,2358.97,2374.77,1158500.2,10274276,0.0087
300,2014/8/20,2371.65,2375.48,2360.84,2366.14,1012880.88,9137480.27,-0.3633
300,2014/8/21,2365.73,2367.46,2333.3,2354.24,1006902.11,9219206.33,-0.5028
300,2014/8/22,2352.32,2368.46,2350.99,2365.36,898239.38,8564246.38,0.4723
300,2014/8/25,2367.02,2367.61,2338.46,2342.86,973737.17,8518249.4,-0.9513
300,2014/8/26,2339.6,2350.39,2317.18,2324.09,938442.22,8313503.32,-0.8012
300,2014/8/27,2323.79,2336.74,2322.89,2327.6,676762.21,6244867.52,0.1507
300,2014/8/28,2328.06,2336.36,2309.64,2311.28,704906.55,6619596.69,-0.701
300,2014/8/29,2317.3,2338.77,2313.26,2338.29,632114.23,5835996.78,1.1686
300,2014/9/1,2340.93,2355.55,2338.53,2355.32,773208.7,7336224.06,0.7283
300,2014/9/2,2359.86,2387.66,2349.95,2386.46,1144367.33,10692579.01,1.3222
300,2014/9/3,2389.69,2414.26,2389.68,2408.84,1297342.04,12362918.94,0.9377
300,2014/9/4,2411.93,2427.3,2404.08,2426.22,1112722.98,10829470.32,0.7218
300,2014/9/5,2433.17,2450.63,2427.99,2449.26,1335517.64,12334932.01,0.9494
300,2014/9/9,2452.23,2454.89,2437.08,2445.22,1181943.44,10779521.35,-0.1647
300,2014/9/10,2435.59,2437.08,2422.65,2432.43,1091755.17,9747268.3,-0.5231
300,2014/9/11,2430.68,2461.47,2417.27,2423.45,1329825.83,12720338.17,-0.3691
300,2014/9/12,2418.75,2438.36,2412.62,2438.36,1091601.7,9662576.54,0.615
300,2014/9/15,2433,2439.25,2418.96,2437.19,1222471.59,11250769.04,-0.0479
300,2014/9/16,2440.34,2442.92,2386.98,2388.77,1867427.91,14725016.99,-1.9869
300,2014/9/17,2395.36,2405.37,2379.09,2401.33,1252690.28,9803947.01,0.5258
300,2014/9/18,2396.38,2414.95,2389.62,2408.66,1159263.76,9210533.2,0.3056
300,2014/9/19,2409.31,2430.15,2402.31,2425.21,1018135.77,8822103.87,0.687
300,2014/9/22,2419.33,2419.33,2374.11,2378.92,1022408.7,8895805.65,-1.9087
300,2014/9/23,2379.52,2402.48,2379.52,2399.46,840333.41,7546368.37,0.8635
300,2014/9/24,2391.42,2443.98,2387.07,2441.86,1427135.3,12038993.46,1.7671
300,2014/9/25,2453.42,2462.67,2429.59,2436.97,1386618.91,11961262.57,-0.2006
300,2014/9/26,2430.81,2439.65,2420.5,2437.2,1002994.94,8775737.79,0.0097
300,2014/9/29,2443.91,2453.67,2435.61,2447.8,1234017.27,11146377.98,0.4348
300,2014/9/30,2452.17,2454.89,2444.2,2450.99,1158042.29,10190655.88,0.1303
300,2014/10/8,2460.87,2478.38,2445.27,2478.38,1219536.04,11650010.78,1.1177
300,2014/10/9,2480.2,2488.11,2461.11,2481.96,1379239.2,12075262.84,0.1441
300,2014/10/10,2472.1,2482.14,2457.68,2466.79,1476343.07,12192497.3,-0.6111
300,2014/10/13,2457.41,2460.39,2430.55,2454.95,1315933.62,11278447.88,-0.4801
300,2014/10/14,2451.09,2467.9,2436.34,2446.56,1273937.05,10635664.31,-0.3415
300,2014/10/15,2444.54,2465.5,2431.19,2463.87,1358018.82,11483729.01,0.7076
300,2014/10/16,2448.97,2480.3,2441.82,2444.4,1581666.03,12834052.55,-0.7906
300,2014/10/17,2443.22,2456.11,2410.4,2441.73,1327599.88,11268562.55,-0.1089
300,2014/10/20,2448.45,2456.62,2441.9,2454.71,914354.01,8484360.49,0.5315
300,2014/10/21,2453.41,2459.26,2432.55,2433.39,962419.12,8662220.19,-0.8685
300,2014/10/22,2434.89,2447.47,2417.56,2418.64,886561.93,8225174.42,-0.6062
300,2014/10/23,2415.44,2424.66,2392.53,2395.94,1034918.39,8604545.28,-0.9388
300,2014/10/24,2397.85,2404.99,2385.73,2390.71,749748.69,6560122.52,-0.2183
300,2014/10/27,2377.54,2377.54,2361.68,2368.83,738624.47,6595648.08,-0.915
300,2014/10/28,2373.16,2416.77,2373.16,2416.65,1015230.55,9052990.31,2.0188
300,2014/10/29,2423.81,2461.27,2415.7,2451.38,1585840.62,13454172.36,1.4372
300,2014/10/30,2450.36,2474.38,2443.76,2468.93,1896263.53,13915735.8,0.7156
300,2014/10/31,2473.5,2512.19,2466.5,2508.33,2391724.12,18160461.7,1.5958
300,2014/11/3,2515.82,2524.17,2502.06,2512.55,2058012.28,15140683.51,0.1684
300,2014/11/4,2511.04,2517.46,2498.61,2513.17,2182470.05,15529188.26,0.0248
300,2014/11/5,2516.87,2519.4,2499.23,2503.45,1904918.62,14613089.51,-0.3869
300,2014/11/6,2505.17,2510.99,2482.98,2506.07,1496511.17,11883920.36,0.1046
300,2014/11/7,2508.77,2541.55,2489.42,2502.15,2087609.11,17686866.53,-0.1562
300,2014/11/10,2529.83,2565.73,2514.71,2565.73,2265997.35,18761256.92,2.5409
300,2014/11/11,2578.44,2602.37,2532.57,2558.61,3237116.56,26584050.98,-0.2774
300,2014/11/12,2545.4,2594.32,2539.6,2594.32,1846862.61,15784738.28,1.3955
300,2014/11/13,2597.39,2607.52,2567.46,2579.75,2198156.15,19298545.29,-0.5615
300,2014/11/14,2569.21,2581.93,2557.67,2581.09,1650499.65,14540993.39,0.0521
300,2014/11/17,2613.51,2614.09,2565.94,2567.1,1584780.95,14772464.51,-0.5421
300,2014/11/18,2565.27,2570.21,2534.93,2541.42,1429413.56,12424664.94,-1.0005
300,2014/11/19,2538.23,2550.5,2531.32,2537.22,1221469.74,11303172.19,-0.165
300,2014/11/20,2528.78,2545.47,2522.84,2537.1,1061498.64,9814553.87,-0.0049
300,2014/11/21,2537.54,2585.36,2530.03,2583.46,1510281.39,14375081.33,1.8271
300,2014/11/24,2614.16,2667.67,2602.94,2649.26,2798397.2,26497491.23,2.5471
300,2014/11/25,2650.09,2686.06,2643.84,2685.56,2226116.99,20687920.85,1.3703
300,2014/11/26,2695.26,2723.36,2690.31,2723.02,2439624.85,23933389.92,1.3948
300,2014/11/27,2737.03,2754.49,2718.7,2754.49,2654647.3,26116487.72,1.1558
300,2014/11/28,2753.93,2809.54,2740.37,2808.82,3753236.62,33025602.32,1.9724
300,2014/12/1,2825.61,2855.33,2808.65,2819.81,3654874.17,33883308.42,0.3914
300,2014/12/2,2807.34,2944.51,2804.29,2923.94,3614653.22,34118518.91,3.6927
300,2014/12/3,2936.12,3028.23,2912.25,2967.55,4661566.85,46485750.04,1.4914
300,2014/12/4,2975.4,3104.89,2968.88,3104.35,4268129.28,43387556.02,4.6099
300,2014/12/5,3143.97,3195.8,3011.94,3124.89,5248812.6,55436290.49,0.6615
300,2014/12/8,3108.27,3270.88,3075.7,3252.88,4844623.44,51577368.3,4.096
300,2014/12/9,3233.1,3387.83,3074.52,3106.91,6328745.67,70215009.92,-4.4873
300,2014/12/10,3120.21,3229.05,3058.19,3221.55,4250187.08,47730010.31,3.6896
300,2014/12/11,3185.16,3254.42,3158.44,3183.01,3670916.91,39294483.36,-1.1961
300,2014/12/12,3182.92,3239.45,3167.93,3193.23,3010653.25,33781743.7,0.3209
300,2014/12/15,3176.83,3226.22,3143.3,3217.23,2901938.34,32666804.08,0.7516
300,2014/12/16,3221.36,3303.4,3207.69,3303.4,3581238.47,42566572.92,2.6785
300,2014/12/17,3325.82,3368.19,3275.74,3360.6,4481407.7,52774893.8,1.7314
300,2014/12/18,3359.09,3393.71,3322.23,3345.93,3559702.07,41626044.89,-0.4366
300,2014/12/19,3345.63,3397.18,3280.92,3383.17,4112115.9,43551686.49,1.113
300,2014/12/22,3396.25,3455.21,3357.66,3394.48,5498016.71,53702110.18,0.3344
300,2014/12/23,3358.8,3431.78,3316.91,3324.92,3697360.93,37722777.41,-2.0491
300,2014/12/24,3332.15,3340.36,3188.5,3230.39,3174495.87,33947579.96,-2.8433
300,2014/12/25,3254.48,3335.78,3226.32,3335.42,3097995.47,33012893.99,3.2514
300,2014/12/26,3343.64,3453.34,3335.01,3445.84,3846141.24,43883842.71,3.3105
300,2014/12/29,3502.18,3524.28,3405.84,3455.46,4250150.37,50500450.84,0.2791
300,2014/12/30,3450.81,3491.83,3422.17,3457.55,3282338.73,39460777.24,0.0607
300,2014/12/31,3462.39,3542.34,3452.5,3533.71,3459347.6,40371088.81,2.2025
